Date,Url,Content
2025-03-18,https://play.google.com/store/apps/details?id=com.asana.app&reviewId=b9901d20-a66f-4250-a5ac-e17d9e1c6b39,UI is not even optimised for phone. I am trying to change the date of tasks and the date option is located off screen. The app is up to date
2025-03-17,https://play.google.com/store/apps/details?id=com.asana.app&reviewId=ada2da24-d544-4034-9e4e-4583ca8d52b0,"The mobile app was buggy; I couldn't remove the badge on the notification tray no matter what I did, and archiving a message caused the ""message archived"" notification to pop up... and then pop up, and pop up, and pop up, and pop up.... The notification just kept popping up until I closed the application."
2025-03-15,-,"At a very basic level, it gets the job done. The design isn‚Äôt conducive to higher levels of productivity, and most of your projects aren‚Äôt available in the sidebar which is one of the hallmarks of the app on desktop and browser. You‚Äôll find yourself chasing down where they are every time."
2025-03-15,https://play.google.com/store/apps/details?id=com.asana.app&reviewId=3b0385ce-1eaf-4bc5-86bc-c05529f77432,Working with Asana now for 6 weeks. Good functionality and intuitive. App needs some small improvement for me to give 5 stars. Needs to be a little more user friendly and easier to navigate.
2025-03-14,https://play.google.com/store/apps/details?id=com.asana.app&reviewId=cbdb705a-352d-47ef-84b1-786f059ae4b9,Doesn't work
2025-03-14,https://play.google.com/store/apps/details?id=com.asana.app&reviewId=f958d985-f4ca-44e9-b977-d018a80898e4,I am not a rockSTAR!
2025-03-12,https://play.google.com/store/apps/details?id=com.asana.app&reviewId=6cd04e52-b598-4f99-8fc3-39b17aaee2be,Can you please check the widget and sync? It's a feature I really appreciate and I use with similar apps as Microsoft todolist I'd really like to use it with asana too for my projects! I'd really appreciate it
2025-03-11,https://play.google.com/store/apps/details?id=com.asana.app&reviewId=daee5f5d-41d2-4b69-8ec8-b050ac54dd49,Best task and project management tool I've ever used
2025-03-10,https://play.google.com/store/apps/details?id=com.asana.app&reviewId=b3ad12fe-97ac-4222-8a60-750df13fdbde,Great task management
2025-03-09,-,"Strong accountability tool for teams. Best of the group including Atlassian tools, Monday, and Smarsheets. I tried them all.  Strong development paths as well."
2025-03-09,https://play.google.com/store/apps/details?id=com.asana.app&reviewId=677af18f-b408-4c4b-b08e-c2ee1f941aa6,I can't log in to my account. It keeps saying I have cookies blocked but it's not.
2025-03-08,https://play.google.com/store/apps/details?id=com.asana.app&reviewId=e8bb2738-9aab-4662-bc0e-1129494f6469,"Was the app abandoned? Haven't used it in several years and when I come back multiple errors trying to log in, every time I close the app I have to log in again and go through an authentication process. When I try to start a new project once I finally get in I get more errors? I guess it's just a broken app now."
2025-03-06,https://play.google.com/store/apps/details?id=com.asana.app&reviewId=1fa4683e-c571-4318-bdbf-68443b50c0cb,Can't use the app because when I try to add a project the screen goes blank. The desktop version works OK.
2025-03-05,-,"We can‚Äôt get any help to upgrade to an advanced plan, nor can we get any help on issues with functionality completely failing out of nowhere. 5 emails now and not a single response. Our organization is about to drop asana due to these issues which are well known by the apps users."
2025-03-05,https://play.google.com/store/apps/details?id=com.asana.app&reviewId=0efe0b47-0fee-4146-af58-5d4b4e09ed79,"Reinstalled app after not using for several years. Was unable to clear any old projects via delete or archive. In attempting to create a new project, I could not add details as the screen displayed on my phone did not seem to match the attempted rendering size of the app (3 dot menu partially off screen and onscreen keyboard would not pop up). I'm not wasting anymore time on an app that is freshly installed and not working. Hope you can fix it for others though."
2025-03-03,-,Blank review
2025-03-03,https://play.google.com/store/apps/details?id=com.asana.app&reviewId=cb18a719-5a57-4687-9685-891563b9ef82,I think it is good app
2025-03-03,https://play.google.com/store/apps/details?id=com.asana.app&reviewId=0f64fed1-7ef9-4610-ba1b-ef8f357fe223,Okay
2025-02-27,https://play.google.com/store/apps/details?id=com.asana.app&reviewId=c8f549d0-69f8-42ac-9ce5-6ed18b146fec,"Don't try to get support. I initially submitted a ticket 6 months ago and took 2 months for the first reply, my issue was never resolved and i learned they lied to me. Opened another ticket for a different issue, got a ""how was our support"" survey when I didnt even get a reply. Tried following up 2-3 times on each. They keep blaming it on a new ticketing system but they get some emails and not all? It's a joke. I've cancelled our premium teams subscription and moving to a competitor."
2025-02-27,https://play.google.com/store/apps/details?id=com.asana.app&reviewId=976f0373-e33f-466d-8b18-76221f5ebca5,Everything is good i just want that when we create task and if we have to move that task into another task than we can't. Sometimes by mistake sub task created as main task so rather to make new task if we can move that task into main task then it will save lot of time
2025-02-26,https://play.google.com/store/apps/details?id=com.asana.app&reviewId=d7c76d75-440d-48eb-a76a-73b713dd0102,"the ""create"" button no longer works when I'm in board view."
2025-02-24,https://play.google.com/store/apps/details?id=com.asana.app&reviewId=97f9c19f-27c9-4b9c-8aed-bfc49c012df6,I just put my whole workspace onto it. It's working really well
2025-02-23,https://play.google.com/store/apps/details?id=com.asana.app&reviewId=8123192d-0c77-40ed-bb15-f8e636364fd8,Create button not working on Android app. Search is not working on desktop (Mac). Nightmare. I've been using the app forever and love it... but now... GRRR
2025-02-22,https://play.google.com/store/apps/details?id=com.asana.app&reviewId=2d75e7b2-e2be-43e5-bc34-3cde40193002,Used to work great for me but recently it has been very buggy. When trying to create a task create button doesn't like to work and sometimes acts as a cancel button.
2025-02-21,https://play.google.com/store/apps/details?id=com.asana.app&reviewId=5532516b-b48b-43b8-9dad-74507bc833f1,"My asana android widget just randomly started showing only my completed tasks, which isn't very helpful, when it needs to be showing incomplete tasks, can you please fix this as it is confusing and slowing down my workflow. (Once fixed I would give it 5 stars)"
2025-02-21,https://play.google.com/store/apps/details?id=com.asana.app&reviewId=a2c32e17-a544-4f3c-be37-2f745c3f9c88,Always getting stuck when is making changes on tasks
2025-02-20,-,"Company only sells user in packs of 5. You need 11 you pay for 15. Also, if you go over you limit of users they automatically upgrade you to the next 5 pack. You fix it so you‚Äôre under the limit for your current users, they won‚Äôt refund you based on their ‚Äúpolicy‚Äù. Don‚Äôt subscribe, you‚Äôll regret it. Whatever you do, don‚Äôt do an annual plan. There‚Äôs no refund. You want to leave you have to cancel right on the exact date or your screwed."
2025-02-19,https://play.google.com/store/apps/details?id=com.asana.app&reviewId=b5e8bbea-900b-4b45-b8c7-0d5acfb790ca,Force closes after every few clicks..
2025-02-18,https://play.google.com/store/apps/details?id=com.asana.app&reviewId=da6562c0-bf20-489e-82d4-324520dd42a6,Good
2025-02-14,-,"Why will everything else download and open with no problem, except THIS APP?! I can‚Äôt even give a proper review when I can‚Äôt even begin a project on this thing."
2025-02-14,https://play.google.com/store/apps/details?id=com.asana.app&reviewId=ce1cc179-a29c-4451-9beb-3d9794b37864,"EDIT: Confirm this issue appears to have been fixed. 5 stars. Never ship an update before the Christmas holidays... this latest version has some annoying bugs. When opening and editing a task, the back buttons stop working (both the on-screen button and the Android button), so the only option is to close the app and re-open it. Also, you can only view Recent projects - under ""Projects"" the ""All"" tab is empty. Not a good experience after years of otherwise positive use of Asana."
2025-02-13,https://play.google.com/store/apps/details?id=com.asana.app&reviewId=101cdc58-bb3d-4c56-b4b4-d9a8eafeade3,"Why is it so buggy?? My only does it lag, but when i try to create a new task, most of the time out will only allow me to discard or edit and not be able to create! What the heck!!"
2025-02-12,https://play.google.com/store/apps/details?id=com.asana.app&reviewId=ab417ecb-8c1e-4710-9149-d4b09276c4bc,It's an amazing App
2025-02-11,https://play.google.com/store/apps/details?id=com.asana.app&reviewId=2c9d793f-d73d-4721-be9a-893b20c450d7,"Last update beware - since doing it whenever I amend a task's due date or description, I then cannot click on ""save"" or ""previous"" (the buttons are frozen), I never had that issue before the last update, please fix this asap [edit: newest update fixed it, amended rating from 1 to 5 stars]"
2025-02-11,https://play.google.com/store/apps/details?id=com.asana.app&reviewId=6025ab4b-9ac4-4840-91ee-32de77f4eda4,Exceptional!
2025-02-09,-,If you‚Äôre scrolling the app is so sensitive that you might just swipe a few tasks complete cause the unnecessary feature to be able to complete a task like you‚Äôre swiping in Tinder makes it time consuming and tough to recover whatever you accidentally marked as complete
2025-02-09,https://play.google.com/store/apps/details?id=com.asana.app&reviewId=037082a0-9d4f-43ff-bc49-2d751590f9d7,"Weak app and it struggling new people that would like to excel it,also I can never be use it again"
2025-02-08,https://play.google.com/store/apps/details?id=com.asana.app&reviewId=92ed7274-2a44-4525-a7e6-8ed4f056820d,"Had the app for years. It just randomly logged me out and know it's think I have no account and when I put in my email to login it thinks it's a new email and wants me to sign up (even though I still get Asana emails, so it clearly is the right email). Now I've lost all my projects and hundreds of entries. It wants me to just start again. I can't trust this app now. It could just do it again. I have uninstalled. It was a good app otherwise. What a shame. Don't recommend."
2025-02-05,https://play.google.com/store/apps/details?id=com.asana.app&reviewId=12c67d99-52f5-4552-970e-5a4e48cadee3,Not able to login in. There seems to be bug in the application. Tried SSO but giving g errors.
2025-02-05,https://play.google.com/store/apps/details?id=com.asana.app&reviewId=d8da85ed-929b-4411-9086-e6861727d32a,Nice
2025-02-04,https://play.google.com/store/apps/details?id=com.asana.app&reviewId=cfa5916e-57d7-404b-a0d7-f2b8528e453e,Great
2025-02-02,https://play.google.com/store/apps/details?id=com.asana.app&reviewId=1e572fb9-5589-4477-b70b-3c4bb050c504,"Buggy mess. I receive emails about organization tasks (not mine) and the link from the email leads to the browser which then opens the app which says ""Could not find what you're looking for"". Next, I try to contact support from the app - it opens the website with an endless login loop ""Please wait a moment while we sign you into the Asana Help Center"". Two basic features, completely broken. It's like no one has even tested this app. UPD: tried emailing support@ and got ""address not monitored""ü§¶"
2025-02-02,https://play.google.com/store/apps/details?id=com.asana.app&reviewId=d7ca0dfa-15ca-44ab-aa33-3e50ab6d20dc,It's no longer supporting EMUI 12. I have about 80 apps on my device and Asana is the only one that stopped working and required an OS upgrade. It also blocked me from using the current installed version.
2025-01-31,-,I think the desk top version is strong while the mobile app needs serious work.   The sorting feature is absent on the mobile app.   so i spent a lot of time organizing my list in order of priority.   when i am in the field the mobile app does not respect that priority organization and randomly lists my todays tasks out of sequence
2025-01-30,https://play.google.com/store/apps/details?id=com.asana.app&reviewId=82c5059f-4563-4c2c-ab17-e297b81ec5ef,"I am unable to add tasks, I cannot see or get to the icons to save it. Super frustrating. I am on a google pixel 9, app is fully updated."
2025-01-29,https://play.google.com/store/apps/details?id=com.asana.app&reviewId=b6d6cda6-c0fc-4313-ab40-f6a709948ff3,"The app doesn't let you do anything but viewing. Can't add actual hours, edit dates, or anything really except view tasks and projects. I love working in Asana in the browser but as an app it is not a functional tool. Why are all these features locked ?"
2025-01-28,https://play.google.com/store/apps/details?id=com.asana.app&reviewId=1c98d02c-a69a-48b5-926c-a3dd5dac695e,After update I now Can't save tasks or use share feature from Android
2025-01-28,https://play.google.com/store/apps/details?id=com.asana.app&reviewId=b5e76fc7-5cca-4683-bdf7-44184ee9fa3a,"You broke it in latest update.. I can't arrange by due date and filter it by week... Fix it.. Don't change anything that wasn't broke like the UI.. Fix it. I've sent the form, bit not reply.. Now it's incompatible with my Android. What the heck is going on?"
2025-01-27,https://play.google.com/store/apps/details?id=com.asana.app&reviewId=3da57c72-ec18-493b-ae15-d3966726d87e,"Couldn't log in despite whatever browser I use. I uninstalled, deleted my account, and moved somewhere else."
2025-01-25,-,"Moved over from using Microsoft ToDo ‚Äî the main reason was for Asana‚Äôs better project collaboration features.

However, when reviewing individual tasks time  ‚Äî the title is truncated forcing the user to click each individual line to see the full text‚Ä¶ HUGE WASTE IOF TIME when trying to do weekly reviews or audits.

This may be enough for us to move on to another tool BECAUSE most of our team rely on mobile app primarily‚Ä¶"
2025-01-25,https://play.google.com/store/apps/details?id=com.asana.app&reviewId=ee589df2-793a-4066-9b0b-58c2bc2cdacc,"Awful. The interface is fiddly and confusing, you can't seem to do certain things (rename a project?), it's laggy (I deleted a project and it's still there!), doesn't work offline."
2025-01-25,https://play.google.com/store/apps/details?id=com.asana.app&reviewId=b5a012d4-1978-40e1-bdef-4b9f34200e63,"Everything works fine basically, but for some reason the app widget started showing tasks that have already been completed which is pretty annoying and defeats the purpose of kind of"
2025-01-24,-,I wish there was a way for users that need it to be able to add more of the desktop versions features to their mobile view. I use asana on my phone majority of the time.
2025-01-24,https://play.google.com/store/apps/details?id=com.asana.app&reviewId=e4f66511-bce0-4e90-9afe-5c1f53f943ef,"Good app , really I'm working see easy."
2025-01-23,https://play.google.com/store/apps/details?id=com.asana.app&reviewId=6cb9f99e-0020-41e9-a0ff-e2c3976d4065,Sometimes couldn't update task data until reinstallation. Viewing comments can be buggy and app refuse to scroll up.
2025-01-22,-,"I like Asana for the features, but when you want to change the number of seats when you try and login from your phone, it keeps taking you to the app and you can‚Äôt change your seats on the app. Worst customer experience ever."
2025-01-22,https://play.google.com/store/apps/details?id=com.asana.app&reviewId=4d5d3634-d201-41c7-a454-6c2e2bbc6e12,"I think Asana is fine, but the app leaves lot to be desired. For starters the app stoes not even remember the view you have selected, and always have to manually switch it"
2025-01-18,https://play.google.com/store/apps/details?id=com.asana.app&reviewId=b05a94dd-a43a-4628-986f-969e90c112a8,"Great app, but this latest update has many bugs and makes it unuseable. It's terribly frustrating after many good years"
2025-01-18,https://play.google.com/store/apps/details?id=com.asana.app&reviewId=299eb090-75e1-48f7-b6c5-6fb4d21f59df,Easy to use
2025-01-17,https://play.google.com/store/apps/details?id=com.asana.app&reviewId=7488a264-85c5-45ab-a5d6-5298b0811787,"Incredible tool, to work with your team!"
2025-01-17,https://play.google.com/store/apps/details?id=com.asana.app&reviewId=3262dbbf-5ccb-4645-85e9-42017b96a119,Update: They told me to do a password reset and will not assist. It still doesn't send.Projects still nuked. Lost a client due to this. üò° ______ Great until it wasn't. Updated security demanded I use an email link to reset password. System never emails link (yes I checked spam). Customer service can only be had by login. Sales and chat contact yields no joy. Won't even send my .CSV files from my projects. Glad to have all my projects nuked by an unresponsive company. Shouldn't have gone public.
2025-01-16,-,The iOS phone app is incredible and is a very usable software that bridges the gap to the computer. But this ipad app is lacking heavily. The ipad app needs to function more like the desktop app rather than be a blown up iPhone app. Major updates required for effective usability.
2025-01-16,https://play.google.com/store/apps/details?id=com.asana.app&reviewId=90d108a8-8608-448c-bbe0-a5c1af5c2939,I love the desktop app but the mobile app keeps having issues.....displaying the incorrect view and throwing me put all the time.
2025-01-15,-,"NOTE: This is NOT a review of Asana in general, but it‚Äôs strictly a review of the latest version of the iOS app. I mainly use Asana on the desktop and I give it 10 stars out of 5! It‚Äôs the only productivity app that I have kept and continue to use.

I‚Äôm not sure what they did to this app, but the latest version is horrible. It starts up in half-screen mode and you can‚Äôt maximize it. I usually view projects in board view and loved the fact that previously you could just click on the ‚Äú+‚Äù sign in each column to add a new task. But I guess that was too efficient because the ‚Äú+‚Äù sign is gone. Now you have to click on the big ‚Äú+‚Äù at the bottom left and jump through ten hoops to create a task. WHY? Please fix this mess."
2025-01-15,https://play.google.com/store/apps/details?id=com.asana.app&reviewId=44ab7c5b-c367-4217-a1eb-34f9dc655e75,Another glitch has occurred after last update. My tasks is no longer showing tasks or section in the mobile app. Is there a limitation on number sections shown on mobile?
2025-01-15,https://play.google.com/store/apps/details?id=com.asana.app&reviewId=6ea9e285-1ee7-401e-9f6a-9415ee26ff32,"Not necessary Was told to download by a law firm, but it turned out to be the wrong ap."
2025-01-14,https://play.google.com/store/apps/details?id=com.asana.app&reviewId=71ea4a12-7af9-425c-9420-a0a56900fbf2,ridiculous pricing for even minor usage/functionalities
2025-01-12,https://play.google.com/store/apps/details?id=com.asana.app&reviewId=56a125ce-331a-457d-8a7a-afed46d0dc0f,Google Mobility Inc
2025-01-11,https://play.google.com/store/apps/details?id=com.asana.app&reviewId=32e3f9bb-09ce-4fa5-b4c4-87771b945572,Thanks you very much support me my account me salamat poh Amen ‚ô•Ô∏èüòò
2025-01-11,https://play.google.com/store/apps/details?id=com.asana.app&reviewId=88daf176-1f74-492b-9f97-75ad0a93b26b,Use this application for multiple businesses and for personal use. Its intuitive and easy to use.
2025-01-10,https://play.google.com/store/apps/details?id=com.asana.app&reviewId=7ed62d42-f9c8-46bd-9c2d-eadf914c193a,"I like the smooth experience and it's helpful tool for productive day. Thank you, Asana team."
2025-01-07,https://play.google.com/store/apps/details?id=com.asana.app&reviewId=5d11a8ed-796e-46b7-9e49-b86933d9d5cb,"Awful terrible miserable disgusting app You can add 20 tasks due for tomorrow, and when tomorrow comes, they don't even show up on the app, you click ""recently added"" and they're not there, you click ""due today"" and they're not there, A stupid app that needs to be scourged from the appstore, it is literally useless"
2025-01-06,https://play.google.com/store/apps/details?id=com.asana.app&reviewId=09293fe6-f5f3-408e-b4aa-f67b4604e03a,It helps myy work to manage my collaborative work in supe4 produktif team
2025-01-05,https://play.google.com/store/apps/details?id=com.asana.app&reviewId=f7e80c13-7bdb-4034-9571-eaab5f3962aa,I can never actually look at the tasks I have coming up as they continuously load. This was 95% of my motivation in downloading the app hence the low rating.
2025-01-04,-,Glitches so that you can‚Äôt add new material. Spontaneously deletes whole columns (sections) of activity. It‚Äôs a mess
2025-01-03,https://play.google.com/store/apps/details?id=com.asana.app&reviewId=bf51b968-d65a-4b0a-b7b1-262412375ef8,Good
2025-01-03,https://play.google.com/store/apps/details?id=com.asana.app&reviewId=2a35c41c-2800-4d56-834e-465031866ca5,"Asana is overpriced and forces you to pay for at least two users, even if you're solo. Their customer service is rigid and unhelpful ‚Äì I barely used the premium features, but they refused to issue any refund. Once they have your money, it's gone. The app offers little value for the cost, and better, cheaper alternatives exist. If you want flexibility and fair pricing, look elsewhere."
2024-12-31,https://play.google.com/store/apps/details?id=com.asana.app&reviewId=acfd44aa-91e8-4a6b-8fb7-b3c32061011d,"So Buggy, love asana in general, but the phone app is kind of garbage."
2024-12-28,-,"Do yourself a favor and stay away from this app on mobile devices and tablets. Instead, just use the browser/web version because this product is terrible. You aren‚Äôt able to create your own views, the interface for moving between projects is bad and (last I checked) the ‚ÄúMy Tasks‚Äù view won‚Äôt even load so somehow the team introduced a bug that kills the core piece of a productivity/todo app without realizing it."
2024-12-27,https://play.google.com/store/apps/details?id=com.asana.app&reviewId=07dc83e1-ab01-4e8e-b976-75dcfbea123d,Good!
2024-12-26,-,"PLEEEEASE. MAKE THE WIDGET MORE USEFUL! See below 

Your widget is highly limited in that it will only show items assigned to today, not past-due items. So, when my schedule starts to slip, the only way to maintain that onscreen encouragement is to massage my schedule to make sure everything is set as due today. When I‚Äôm busy, I don‚Äôt have time for that, which makes your widgets unhelpful. Please fix so I can go back to loving you."
2024-12-26,https://play.google.com/store/apps/details?id=com.asana.app&reviewId=8fabbcc6-5071-4f66-a5d6-c370d2832634,For opened tasks the close and back button does not work meaning needing to go back to opening app to edit next task.
2024-12-26,https://play.google.com/store/apps/details?id=com.asana.app&reviewId=406eda90-0a0a-4d0e-8b46-8cebed4d6f2b,"The ""back"" buttons when you open a task dont work for Android!! Help, it's become very annoying because I have to close the app every time after opening a task. Thanks"
2024-12-22,-,e.g. ‚Äúmy tasks‚Äù view has no way to add a task (unlike the web app)
2024-12-22,https://play.google.com/store/apps/details?id=com.asana.app&reviewId=3913b1f3-59c5-4d18-82d4-74aae927ebc2,"Following the latest update, I am unable to (1) create new task with description (2) unable to use the back button or close out of the task after editing a task."
2024-12-22,https://play.google.com/store/apps/details?id=com.asana.app&reviewId=7ac0efdd-0bd6-4f29-99cc-7c0ff59b797b,Cool
2024-12-22,https://play.google.com/store/apps/details?id=com.asana.app&reviewId=e9169f77-95bf-464d-ad2a-a5576ef928c2,Owesome
2024-12-22,https://play.google.com/store/apps/details?id=com.asana.app&reviewId=255600eb-0ab9-44d0-92d1-9d32900b9751,Everything went fine.
2024-12-21,https://play.google.com/store/apps/details?id=com.asana.app&reviewId=ae8e4e6d-72ea-47fa-9af1-14e6b8816128,"With all the bugs it has, the app for Android is unusable. Literally, every other task makes the app glitch. It freezes constantly, and it's slow. Had to uninstall."
2024-12-20,https://play.google.com/store/apps/details?id=com.asana.app&reviewId=25a3c942-6491-4b1f-bb3d-18733cc6cf6a,"I've used Asana for years, but recently the bugs have made it completely unusable. You can't create new tasks or edit current ones without the entire app freezing up or crashing. They've updated the app as of a few days ago to ""fix bugs"" but these issues all remain. If anything, they've gotten worse. Unfortunately I'll be looking for a new project management system, as great as Asana used to be."
2024-12-18,https://play.google.com/store/apps/details?id=com.asana.app&reviewId=d64c2729-a85c-4400-84c4-2ce6b2d2560d,We use this at work and having the app available is handy on the go.
2024-12-17,https://play.google.com/store/apps/details?id=com.asana.app&reviewId=f37dfaf0-bd70-48c9-8478-42cd39e9ae2b,Very easy to use and to onboard coworkers üëå
2024-12-16,https://play.google.com/store/apps/details?id=com.asana.app&reviewId=08853f1f-1b3a-4bdf-b47a-ac07b14e2932,Cant look at a list view sorted by bug severity. That is pretty much all I need. (All of the custom views of a board that we have on desktop are not available and i cant sort by everything) The extremly limited view is also clogged up by columns i dont need but cant hide.
2024-12-16,https://play.google.com/store/apps/details?id=com.asana.app&reviewId=36fc3da9-cacb-4d73-a2ec-662e840d141d,It's a good app. But recently UI has some issues. Eg Manage field hangs. Also sometimes it keeps trying to refresh and the screen/data is just changing all the time. Has become unstable sometimes. Also I find it irritating that the manage field settings are constantly lost and need to reconfigure very frequently.
2024-12-15,https://play.google.com/store/apps/details?id=com.asana.app&reviewId=d1781835-b9a0-4d1b-ad71-b555c45dcc86,"Super amazing app with full free version. It has helped me and my team to meet project and tasks deadlines, even exceed expectation... Keep improving, you've got thisüí™‚≠êüåüüåü‚≠êüåü‚ú®"
2024-12-14,-,As far as task management tools go this is a 5 star resource. Use it daily to track every task and project.  Works well with over 200 team members. Keeps us organized.
2024-12-14,https://play.google.com/store/apps/details?id=com.asana.app&reviewId=c713622d-398d-4a13-a984-40ca87df456e,Excellent
2024-12-14,https://play.google.com/store/apps/details?id=com.asana.app&reviewId=c9db753a-6817-4919-8a8f-54b6314ecfb4,Works with our needs
2024-12-13,https://play.google.com/store/apps/details?id=com.asana.app&reviewId=38b1b1c4-471e-4a76-adfb-30009c4ddbba,Rubbish
2024-12-13,https://play.google.com/store/apps/details?id=com.asana.app&reviewId=ab6e8ec9-bf12-4c00-852e-84e93a01f19d,Not UI compatible after latest updaye
2024-12-10,-,"This app is amazing and actually deserves five stars‚Ä¶ I‚Äôd give it seven stars at the App Store would let me. 

I just finished my free trial and tried to sign up. I followed all instructions that including the app generating an email that launched the app which kept having a system error every time I would try to continue. I the went to the website and tried to sign up and discovered there‚Äôs no way to do it. 

Using their chat bots for support to try to find a way to sign up lead to the chat bot crashing with several errors repeatedly. 

There is no way to sign up for a full plan, even sadder everything that I had input into the application is now unavailable because the trial is over. There‚Äôs no number for customer support and no way to actually complete the transaction. 

A very sad and frustrating end to an absolutely amazing experience. Please fix this ASAP so nobody else has to go through this."
2024-12-10,https://play.google.com/store/apps/details?id=com.asana.app&reviewId=f3d0060c-f661-40cb-833a-8b02993ba426,All
2024-12-08,https://play.google.com/store/apps/details?id=com.asana.app&reviewId=0d15d8ca-5d86-4f25-8085-3b9416df4631,Absolutely love it. Thank you for the fully usable free version! Will definitely upgrade when i get more into it.
2024-12-07,https://play.google.com/store/apps/details?id=com.asana.app&reviewId=b1ddcf5a-8a5a-423d-9d48-d8775bbc1d3f,Needs improvement
2024-12-04,https://play.google.com/store/apps/details?id=com.asana.app&reviewId=5ff0aae5-003e-4b88-8499-57bc5e9eb604,Top app and also Top software desktop
2024-12-04,https://play.google.com/store/apps/details?id=com.asana.app&reviewId=b9720297-0f09-4889-96c2-0f99fbe425d2,Awesome app
2024-12-04,https://play.google.com/store/apps/details?id=com.asana.app&reviewId=82a388e8-0e1f-461a-bfb4-9ca5f1591eb6,Nice
2024-12-04,https://play.google.com/store/apps/details?id=com.asana.app&reviewId=a90ce423-4858-4c99-91b1-f9795eb9a9a7,Its been institutional
2024-11-28,https://play.google.com/store/apps/details?id=com.asana.app&reviewId=dd9fd186-6438-466c-bfc1-904a2245d73e,"App not working, just keep crushing. I am using a good, high end android device, but whenever I open the app, it just hanging at the start despite several time trying remove/install again"
2024-11-27,https://play.google.com/store/apps/details?id=com.asana.app&reviewId=f53dce8f-85c2-4804-84ef-9ede8f5acea2,"I've always loved Asana. In my corporate days, we used it in the company. Now that I am on my own practice, I use for both work and personal projects. Perfect!"
2024-11-26,https://play.google.com/store/apps/details?id=com.asana.app&reviewId=547f0ab2-20c8-40a1-a44d-7327a4c79346,"Love Asana, hate their Android app UPDATE 11/25/24 The Android app continues to be pure garbage. There have been ongoing major synchronization issues with the Android app where changes don't appear and the app keeps locking up and freezing. Updating tasks, setting task schedules, sorting and organizing tasks, and really any changes whatsoever that you make on the Android app over 50% of the time don't appear properly and you have to reload the app to see changes and clear cache to fix crashes."
2024-11-25,https://play.google.com/store/apps/details?id=com.asana.app&reviewId=376bef06-d6ee-41cd-8335-fc25b7179ae7,You have awfull calendar- It can't be sinked. And now you block opportunity to watch it from browser on mobile.
2024-11-25,https://play.google.com/store/apps/details?id=com.asana.app&reviewId=a7f9bf8a-85bc-46bd-af88-05bb39fae88e,Simple to use. Super helpful üëå
2024-11-21,https://play.google.com/store/apps/details?id=com.asana.app&reviewId=483b6142-d740-48b9-8b5c-540bcf5b54a5,"Can the widgets be further adjusted to where we can choose tasks that are ""Due This Week"" instead of ""Recently Assigned"""
2024-11-21,https://play.google.com/store/apps/details?id=com.asana.app&reviewId=b5496fe8-74eb-4ece-90df-38f7a59227a6,"Poor experience navigating the home screen, not user friendly at all. The app notifies you about leads just to open 8 pages without providing info on the lead."
2024-11-20,https://play.google.com/store/apps/details?id=com.asana.app&reviewId=31fffe15-e80f-45f3-a42c-e971dde875ff,"Website good, app is trash"
2024-11-19,-,It‚Äôs almost 2025
2024-11-19,https://play.google.com/store/apps/details?id=com.asana.app&reviewId=3cb5af7e-cc90-4ade-9c3e-bc8feaf93898,The most silly and inconvenient UI/UX ever. Only give 3* because it's free and no ads
2024-11-16,-,"Update: PLEASE fix search & tags!
‚Äî-
I use it. It‚Äôs buggy though. The website is sooo much better, but not very usable on my phone. Current frustrations: search is now very weak. I can‚Äôt use words that are found in the comments or some other fields. Comparing that to Evernote and ‚Ä¶well it‚Äôs 0 to 100. And where are tags? The app isn‚Äôt allowing me to add new ones to a task and I can no longer have tags visible as a sorting column in a project. Big fail."
2024-11-15,https://play.google.com/store/apps/details?id=com.asana.app&reviewId=b3e78732-e097-4aa9-820e-9b24a6c99465,Nothing special in this app
2024-11-13,https://play.google.com/store/apps/details?id=com.asana.app&reviewId=82947ba4-667b-43b2-b688-ec38c995b15e,Constant errors and issues
2024-11-10,https://play.google.com/store/apps/details?id=com.asana.app&reviewId=3d9f4bf2-7906-4b16-9776-5d9c0389228f,Awesome app!
2024-11-09,https://play.google.com/store/apps/details?id=com.asana.app&reviewId=f5c0b022-c474-45b1-a6ac-e7d26b1c22f8,Opening fresh door Included a difference perfectly way Movies frontertation
2024-11-08,https://play.google.com/store/apps/details?id=com.asana.app&reviewId=fd99187b-2290-4045-b203-2f577eb856ba,"Collaboration, communication, organization, efficiency and effectiveness: all check! ‚úÖ"
2024-11-07,https://play.google.com/store/apps/details?id=com.asana.app&reviewId=faa75935-600c-49bb-9d0d-a0b93bb7eb50,Can't edit Descriptions on mobile. üò™
2024-11-06,https://play.google.com/store/apps/details?id=com.asana.app&reviewId=3f90ac57-55a6-4e8b-bb23-d5a9cb13e33d,It crashes. It doesn't want to uplaod.
2024-11-06,https://play.google.com/store/apps/details?id=com.asana.app&reviewId=4356d921-9fdc-4b34-90bb-971abfcf91c0,"Please let me delete my account. Please let me ""delete"" my account"
2024-11-05,https://play.google.com/store/apps/details?id=com.asana.app&reviewId=cc8391d4-d543-45de-ae20-a57690bdba26,Wonderful app for project management. The best is that is syncs with the laptop version.
2024-11-03,-,"My biggest beef with Asana, compared to say Trello.  Is the drop off of functionality from the desktop app to the iPhone and iPad app.  Functionality drops off the cliff and it‚Äôs very clunky.   While Trello maintains 98% of the features and same smoothness in usability, Asana is rough.  I‚Äôve grown used to the desktop app and browser version and I find myself using my laptop as much as I can instead of the app.  The iOS and iPad apps I use only if I have to.  With Trello, I would use them all interchangeably without issue.  On my iPad, you can‚Äôt use Chrome but you can use Safari, that may be my solution in place of the app, which feels like a miss."
2024-11-02,https://play.google.com/store/apps/details?id=com.asana.app&reviewId=18cd40d7-f214-4f4f-9c3f-f5401b4f28c1,Great app and helps keep things organized!
2024-11-01,https://play.google.com/store/apps/details?id=com.asana.app&reviewId=3a5a5288-d1eb-4c6d-b934-045bbcaf0bf8,"Could definitely be better on slow networks. Sometimes it takes too long to load. With same internet, the web version loads quicker"
2024-11-01,https://play.google.com/store/apps/details?id=com.asana.app&reviewId=c2542728-21bb-435f-a1ca-f687e54b4017,its alright
2024-10-30,https://play.google.com/store/apps/details?id=com.asana.app&reviewId=d59fd7f2-0e86-49c5-8cb2-c418172e799d,Good
2024-10-29,https://play.google.com/store/apps/details?id=com.asana.app&reviewId=e04df8c0-66bf-49d8-8774-7e29bcb5eccc,Affordable and easy to use.
2024-10-28,https://play.google.com/store/apps/details?id=com.asana.app&reviewId=61db3fa5-9c7a-4814-9df6-7a6d2062c2bf,Keeps me on track!
2024-10-28,https://play.google.com/store/apps/details?id=com.asana.app&reviewId=890df513-a372-4a6d-b396-5569d61f35b8,Good app but it should focus on CRM part.
2024-10-28,https://play.google.com/store/apps/details?id=com.asana.app&reviewId=5a3d519c-d93f-4bbb-ac69-f340834adadd,We feel fine
2024-10-28,https://play.google.com/store/apps/details?id=com.asana.app&reviewId=cadbeb8f-3ddc-4a70-957d-265ff684edf2,"Excellent project management app, the free account offers more than enough options for personal use."
2024-10-25,https://play.google.com/store/apps/details?id=com.asana.app&reviewId=1e4c0f82-a557-4dd0-b531-765ddde83a2c,Dowsnt work correctly and not syncing
2024-10-25,https://play.google.com/store/apps/details?id=com.asana.app&reviewId=05ece3bb-1783-48f3-b020-9f4b9681dd80,Good one
2024-10-23,-,Make a web app. I don‚Äôt need this on my phone.
2024-10-21,https://play.google.com/store/apps/details?id=com.asana.app&reviewId=6f3807c1-b709-474e-8759-64962f5d3a94,Read media is allowed but it keeps saying that it's not so it refuses to let me upload images all of a sudden
2024-10-20,-,Can‚Äôt switch users on ipad version
2024-10-19,https://play.google.com/store/apps/details?id=com.asana.app&reviewId=98126013-a360-4fb7-80cf-44fee6b6e634,Every now and then the app stops syncing with my desktop version. I'll add comments or photos from my phone that don't upload. The only fix I've found is reinstalling app.
2024-10-18,https://play.google.com/store/apps/details?id=com.asana.app&reviewId=8b641219-7790-45dd-a9ab-7be7c890f7f0,Well done! Every pointless update just makes the android version of asana just the little bit more rubbish than the version before it. Shame it doesn't run as well as the iPhone version
2024-10-17,https://play.google.com/store/apps/details?id=com.asana.app&reviewId=70a9c128-a452-4631-b5bb-63d31fef3b2f,Been using asana for years. Awesome project management app
2024-10-16,https://play.google.com/store/apps/details?id=com.asana.app&reviewId=ffc77e38-8fcc-4777-9a83-aff4b06eb06e,"I use this for work and I have had to Uninstaller and reinstall this half a dozen times because it fails to correctly sync to new tickets when I'm out in the field working to fix issues, it's not even a signal issue I'm 4/5 bars on 5g network and I just had to do it again so Here is my review"
2024-10-16,https://play.google.com/store/apps/details?id=com.asana.app&reviewId=1637d015-52e3-4f84-8b8b-6d45b0c013f2,"Very good for work projects. Helped the GP practice coordinate workflow, projects, and personal tasks between the mental different team members (GP, nurses, admin, management etc)."
2024-10-15,-,"Asana is awful. The idea may be good in theory but the execution is terrible. The main problem is how awful the connectivity is. Asana is slow, very very slow. I oftentimes have connectivity issues with asana while everything else is working fine. If the connectivity lapses, then everything you did in the meantime wont stick. 

Asana: pay for better servers you cheapskate goons"
2024-10-15,https://play.google.com/store/apps/details?id=com.asana.app&reviewId=0a194fc9-b306-4969-9a22-72783ce48d53,Bahut bhangarrr
2024-10-07,-,"I love how much this app does on the free version! I use several productivity tools and this is the best value out there, hands down!"
2024-10-02,-,Why do you force people to ugrade to iOS 16? you know there is an option to allow users to use the latest compatible version? poor decision.
2024-09-29,-,"Asana‚Äôs functionality itself is great, but just heavily suffers from really clunky and unintuitive UI and desperately needs an overhaul. Does what it‚Äôs supposed to great once you figure things out though."
2024-09-28,-,Developers are making this worse and worse. Just getting to a project takes more and more clicks. I was offline camping and none of my cards showed up anymore - so offline usage is broken now.
2024-09-24,-,"After a 2FA set up glitch, I have been effectively locked out my account for over two weeks and missed major work deadlines. This is completely unacceptable. Asana has no support team for whatever reason, and this has been a complete nightmare. I have contacted the support email with no response, left comments on the instagram, DM'd to no avail. Maybe try Monday or a different service that actually cares about its customers."
2024-09-23,-,Asana removed all search filters from the app except searching by text string.
2024-09-20,-,Asana was once an incredibly simple and intuitive app that did everything you could ask for. Now it does a million things you never wanted and can‚Äôt accomplish the simplest requests.
2024-09-16,-,"Quite honestly we are about to ditch this app after years of use and go back to Trello.

It‚Äôs unreliable.  Glitches constantly.  Randomly fails to update from changes made on mobile devices.  Now all my thumbnails just randomly stopped showing.  Definitely not worth the price and costs us thousands in lost time, lost info, confusion, etc.  

Truly great concept but the app is just not reliable."
2024-09-16,-,"The issue with Asana is that while it allows task creation, it doesn't provide a time-based view for tasks within a day. For example, you can't schedule a task to be completed from 9 to 10 AM, as Asana's calendar view doesn't show hourly breakdowns. This makes time blocking difficult. Additionally, when you import Asana tasks into Outlook or Google Calendar, it blocks the entire day, even if it‚Äôs one task, because Asana doesn't support time-specific task scheduling."
2024-09-14,-,App crashes every time I go to fill out a field in a task ü§Ø
2024-09-11,-,"Mobile app frequently displays ‚ÄúOffline, reconnect‚Äù so that you can‚Äôt find the tasks you need to find, and you can‚Äôt build a new filter using custom fields on the mobile app."
2024-09-10,-,Cant login on ios. I cant click continue to enter my email. üëéüèΩüëéüèΩüëéüèΩ did all suggestions
2024-09-08,-,"Although Asana is solves the needs of our company‚Äôs president in allowing him to keep tabs on our various departments it can be very frustrating for me in the way it works best in my department because it will not allow me to somewhat customize the features for my particular needs.    For example , I do not want constant emails for everything that happens but cannot turn off emails.     Also I need to constantly rearrange the tasks as my priorities are very dynamic and that necessitates more time to change due dates and/assignee, hence I‚Äôd like to disable the due date or assignee but cannot.    Also, after wasting a lot of time trying to solve certain things I FINALLY got to a real person but he offered me no solution."
2024-08-28,-,"First, they force you to download their app if you try to login through your phone (I‚Äôm against downloading apps unless it‚Äôs needed/helpful to me).  Then, they don‚Äôt give you an option to turn off email notifications from within the app so you have to find a computer to login and do so.  In the end, I have to go through a computer to have all features accessible so it was pointless to download the app at all."
2024-08-19,-,"I wish the app had more functionality. I can‚Äôt modify goals on the app, which is frustrating. Many other things that the app doesn‚Äôt have functionality for, unfortunately. 
Pretty expensive all things considering.

Planning to create a workflow using Asana and then migrate to a different project management platform if the iOS app doesn‚Äôt improve by then."
2024-08-17,-,No  se como decirlo uso asana en mi computadora pero tambi√©n la tengo en mi celular para la administraci√≥n de mis tareas y proyectos me ha sido muy √∫til en mi computadora pero por alguna raz√≥n siento que la versi√≥n de celular es muy poco atractiva de usar y siendo sincera cuando busqu√© de una versi√≥n de celular para organizar tus trabajos encontr√© otra muy buena opci√≥n pero no tan buena en computadora lo que me deja con la duda de cu√°l usar ya que a pesar de que uso m√°s la computadora tambi√©n uso mucho mi celular para administrar m√°s r√°pidamente mis trabajos.
2024-08-10,-,Been using Asana for a few years. Suddenly I tried to open it on my iPhone today and they told me I had to update the app. The update it said it wouldn't install unless I upgraded my operating system. I'm on the highest version of the  operating system that my phone allows. So it's buy a new phone or stop using Asana. asana will force you into a phone upgrade treadmill.
2024-08-06,-,"We purchased Asana on a per license basis for our small business. We put in considerable effort to design our processes around Asana. Overnight the licensing structure had changed so instead of per user, it‚Äôs now 1-5, and 6-10. Meaning for our sixth employee, we now need to pay double what we were paying for Asana. This kind of thing makes planning software costs for small businesses impossible. I suggest avoiding asana because they do not honor the licensing structure that you signed up with."
2024-08-04,-,"I have a login prompt from opening up the app and then when I put in my credentials, it says error: I‚Äôm already logged in. So basically I‚Äôm not able to login."
2024-07-30,-,The advanced search features on the iPhone app don‚Äôt mirror the in browser search features. I want to use the browser version on my phone but keep being redirected to the app.
2024-07-28,-,"Downloaded this app yesterday and I‚Äôm obsessed! Absolutely the most well-laid out project app for me that I‚Äôve seen or used so far, and I‚Äôve tried out a good bit of project apps. If anything changes or if there are any updates (good or not) that arise, I will update this review accordingly. However, I‚Äôve taken the time to explore this app well and so far I believe it‚Äôs beyond amazing!"
2024-07-20,-,Asana is awesome
2024-07-17,-,Feedback tool on pdfs is broken.  Can‚Äôt click and create subtasks from iOS app on the pdf
2024-07-15,-,"How is it possible that the desktop app is so well considered but the iOS iPadOS versions are best avoided?

Calendar view is not helpful at all. I don‚Äôt understand why it doesn‚Äôt display more like the desktop and show, I dunno, what your upcoming week will looks like. That‚Äôs just am example.

Why I say why does the app insist on showing you completed tasks always all the time. Can you disable that? I haven‚Äôt found out how.

Every time I open the iOS or iPadOS app I regret it, and yet the desktop app is constantly open and used when I work. It‚Äôs an essential part of my workflow."
2024-07-12,-,"Please, please, add the availability to create a ‚Äúnew section‚Äù within a task or subtask in the mobile app. It would also be appreciated if more colors were added to differentiate tags and projects. ‚ú®"
2024-07-09,-,"I‚Äôve relied on Asana for years to manage my personal and business tasks. After trying a lot of different project management and task apps, it offered the best capabilities and the amount of features available with the free version is impressive. I regularly use Asana in browser and the mobile app, and it‚Äôs always great with syncing changes between the two.

Two things that have always irritated me:
1. On the mobile app there‚Äôs no auto-save, so if you get distracted and forget to click save you can lose any updates you made to the task description.
2. They‚Äôve never offered a paid plan for just one seat. You have to purchase a minimum of 2 users. I would gladly pay to upgrade if they ever decide to offer it for a single user.

Those are relatively minor annoyances considering how useful Asana is. However, over the past six months or so there have been a series of updates that don‚Äôt seem to add much useful functionality, and the app has been noticeably less stable. At times, it crashes almost every time I open it. It also has other bugs, like I can‚Äôt see the description of a task when I view it from search. I have to navigate to the project and then to the task in order to see the details. 

The recent updates have added a lot more white space to every aspect of the board view. Normally I like a clean, modern look but these updates make the app feel more clunky and disjointed. Asana, why are you ruining a good thing while feature requests that have been waiting for years continue to be ignored? If this continues, I will be looking into other solutions. But I‚Äôm hopeful this app can go back to being the streamlined and indispensable tool it once was!"
2024-07-04,-,My tasks keep disappearing immediately after I create them in My Tasks. There are no dependencies or rules set up. There‚Äôs no reason why this should be happening. So confusing.
2024-06-28,-,I use Asana as an accounting consultant. It‚Äôs amazing for keeping track of each client and the monthly tasks. And the My Tasks collates it all together making it easy to plan your day. I feel more organized and confident in knowing what tasks need to be completed and when. I also use it to track personal projects/chores as well.
2024-06-22,-,"Task page interface is cluttered with too many visible-by-default fields, e.g. the Attachments box, Subtasks section, etc. Keep these items closed/collapsed/hidden until user wants to input something."
2024-06-12,-,Can't rotate the device to view an image attachment in landscape
2024-06-10,-,"Flexible Widget
The widgets are pretty much useless. It ALWAYS displays 0 Tasks unless the tasks are actually due TODAY. I'd like to see users have the flexibility to choose what they want displayed in the widget. All Tasks, My Tasks, Overdue Tasks, etc. Showing me 0 Tasks even though I have 50 overdue tasks is not helpful. 

Persistent Views 
Every time I go to My Tasks in the iOS app, my view settings have reset. It would be better if my view settings would persist, so that each time I return to My Tasks, it is configured just the way I like, with the filters I like, sort of the way I like, and only showing in complete tasks instead of all tasks. This makes for a more consistent and better user experience."
2024-06-05,-,"I use google for logging in and the login window tells me that I have legged in successfully and lets me press a button for get back to the app, when in the app it tries to start but then gives me the error ‚ÄúYou are already logged in‚Äù and doesn‚Äôt let me in, I‚Äôm stuck at the sign up/log in screen

How can be logged in be considered an error?"
2024-05-17,-,"Asana itself is great but this app is terrible. First, there are too many steps in order to get to your projects at the start, with useless cards to scroll though. But, the the infuriating is that the field names are cut off in the vertical view without being able to read it all. So bad!!!"
2024-05-17,-,"Great product but I need two things:
- save my sort and filter preferences for tasks. why does the app always pull up a random mix of tasks where I always have to resort them to find my most relevant tasks (by date and incomplete)

- let me view comment history. if i lose a comment ping in updates, there‚Äôs no way for me to find the comment again unless I remember what task it‚Äôs under."
2024-05-14,-,"First, Asana is great and helps me organize my team. But why did I take my time and write a review? Because the devs were both clever and cool enough to take time to write up release notes that are both entertaining and informative. Nice
Job."
2024-05-11,-,"The inability to only see the kinds of widgets I want to see on the Home Screen is frustrating and makes other views more useful. There is also a lack of customization for the kinds of notifications you receive as well.

Inability to set a start date, start time and end time is also problematic. This makes it more difficult to accurately plan out days and schedule when work should start on specific projects."
2024-05-10,-,This app would be great if we had the full time management features. It‚Äôs the main reason I use Asana so to not have access to it makes it impossible to use. I have to use it through the website so the app feels useless to me.
2024-05-05,-,The desktop version is great with some slight fixes still needed. But the app version is AWFUL. It‚Äôs so clunky and unintuitive. It‚Äôs unfortunate since it seems that using Asana on the go is valuable to project management.
2024-04-19,-,"Love the app! I‚Äôm actually able to see every project in one place. Very user friendly - I‚Äôm accustomed to PCs and this is my new favorite app.

To the developer; is there a way to add a column in the ‚ÄúList‚Äù view?

To Apple; Is there a place to for the Apple community to chat about apps within the App Store?"
2024-04-19,-,"Generally asana is ok. But their features are broken and often unintuitive, unlike how they started more than a decade ago. 

1. The mobile app is just constantly broken. Right now, you can‚Äôt move tasks up or down anymore. 
2. Switching ‚Äúorganisations‚Äù, ie from private to work, is much more complicated than it should be (it used to be 2 quick clicks, now it‚Äôs 4-5 that one can‚Äôt find). 
3. They never released a watch app, which is dumb for a todo app, that should be available everywhere. 

They‚Äôve clearly lost their way. It‚Äôs feature overload these days. Trying usemotion instead now‚Ä¶"
2024-04-14,-,Every paste now inserts raw html making the feature useless. Please fix asap!!!
2024-04-03,-,"The web version of Asana is amazing and handles my multitude of tasks. The app (hence the rating) is clumsily laid out with odd and terrible choices ‚Äî

My Tasks has a compact mode, other boards do not?

Filters I set on the website do not automatically carry over? (The structures do ‚Äî I can set them here ‚Äî but it would be lovely if they auto-synced for a uniform experience)

In many ways the app and site experience feel completely divorced from each other.

99% of my work is via the site ‚Äî I highly recommend Asana as a product ‚Äî but the mobile app needs a careful restructure and redesign that is built in the mode of ‚Äúhm I am using my phone, I need to scroll down the vast majority of time as that‚Äôs how phone apps work given the physical size.‚Äù

And/or ‚Äî swipe left and right to open new modes on a task (complete, or the various stats, etc)

On a phone I am far, far more focused on a task than organizing mg workflow. On the site, the opposite!

IN SHORT: site great, product great, mobile feels needs significant design work.

2 stars because it does work albeit is mostly useless to my specific workflow."
2024-03-26,-,It‚Äôs an endless loop‚Ä¶ worthless
2024-03-23,-,"I‚Äôm giving Asana 5 stars first and foremost because it‚Äôs so user friendly. It‚Äôs helped us to stay on the same page, while being on different parts of the globe. It‚Äôs as systematic and detailed, as those of us working on the same project, yet allows us to maintain privacy, when needed. It really helps us to maintain our reversebus vision and mission, and I‚Äôm just so pleased, and absolutely love this software."
2024-03-20,-,"I am shocked that this app has a 4.7 average rating. 
My entire days are structured around asana tasks, and I have the app open on my computer and phone for most of the day. The desktop version is amazing ‚Äî no other task management software has the same capabilities or UX. However, the iOS app is seriously lacking:
1. ‚ÄúMy tasks‚Äù view will not update task due dates or names unless you force quit the app. This means I have to force quit and reopen the app every time I check my tasks, in case due dates have changed
2. No offline mode
3. No weekly calendar view for tasks ‚Äî only daily or monthly

I would give one star due to the first item listed above, but rated two stars because the app has a widget which is actually fantastic for the Home Screen."
2024-03-08,-,Asana wastes most of the screen. One is constantly working in the far lower right corner of the app. Lists of tasks are displayed with giant useless icons. Tree views are not available. If you use long task or project names they will be difficult to work with ‚Äî usually displayed with truncation. It seems like many of their design choices were made with sales demos in mind; when you have to really work with the software the design that looked cool (seeing little face icons for everyone you know well) becomes tedious and time wasting.
2024-03-07,-,The problem is you can't turn off email notifications.
2024-03-06,-,Absolutely fantastic app. I wish the private notepad feature was on iOS instead of only desktop.
2024-02-28,-,"The concept might be nice and cool when you think as ( electronic post-it) but in reality it‚Äôs horrible app , don‚Äôt accept to download this app if employers send you the link to download it. 
Technically there is a bunch of glitches and miss ( to do ) messages which caused many problem to me"
2024-02-23,-,I tried to change it in setting. But all tasks are still in Tranditional Chinese which I do not use
2024-02-23,-,I love the app but the new version of how it lists my tasks is annoying.
2024-02-19,-,"This has changed the way we communicate in our clinics, thanks! Try it out you want be disappointed!"
2024-02-17,-,"Asana as a tool is fantastic! 
App needs some work- sync almost always fails so changes on the app don‚Äôt transfer to the online and desktop platforms especially those to profiles or images."
2024-02-15,-,"Asana is a great application for working as a team or solo. Only two shortcomings, 1) some features that should be available to all users are only available to enterprise license which restricts adoption by smaller organizations, and 2) price point is a bit higher than more full featured competitors."
2024-02-12,-,I have tried to cancel/delete my account.  I keep getting a message that says an error occurred and try again later!  How do I get rid of this account?
2024-02-12,-,Month wasted with the technical support sending me down different paths to fix what should have been a fairly simple issue. After different technical support employees giving me solutions that did not work they finally tell me that I am out of luck and I have lost my subscription. They cannot refund it or transfer it to another account that they can get to work. They then kindly told me to make sure you read the subscriber agreement. I would warn everyone to make sure to read the fine print or better yet find another solution. I have been a user for years but they have lost me for life over the treatment I have received. I may post the full transcript so you can see the treatment on another post.
2024-02-10,-,"On the ipad you are unable to view calendar for all teams / all projects.  You can only see your own tasks on a weekly calendar view = without the review becoming wordy i dislike how the app doesn‚Äôt have the same calendar view as the desktop and as a leader of our organization that feature is MOST important to me.  I travel with my ipad and it‚Äôs important to have quick visibility to what‚Äôs going on and be able to move things around if i see someone is over worked or has capacity to take on more.

I‚Äôll revise my review to a 5 star if this issue is fixed.  Please."
2024-02-07,-,We love this app but would love to be able to change column order and have that change ‚Äúsave‚Äù ‚Ä¶ is this possible?
2024-02-01,-,"I love the multitasking skillset it LETS you have. If your people doesn‚Äôt naturally have it. You can give it to them!  I love it!!

I‚Äôve been with asana for about 7 years and our team loves it!! It‚Äôs truly a life saver on property management work!"
2024-01-25,-,"I used Asana for 4 years, after trying to add a new user to a project I ran into trouble. This should be very straightforward, as Asana is, but it‚Äôs clear if you run into an issue you will not get the support you need. There is no 24/7 support, I‚Äôd get one question troubleshooting emails in the middle of the night and have to await the next day to get basically nowhere. After almost a week of no suggestions of how to fix this on my end, and also lack of clarity from support who spoke about the domains I have and how I should read the support articles on the website already yet there is nothing that comes up when you put in ‚Äòdomain‚Äô on the support search (wtaf.)
I took the problem into my own hands and saw I had duplicate accounts for my personal email and one from my business email. So I deactivated one from my two personal, but guess what that did, it deactivated and deleted ALL of my accounts. This is irreversible, and completely unclear that this would be the case. 
Asana doesn‚Äôt realize this isn‚Äôt for fun, their services are used by lots of small businesses. Years of work and partnerships were deleted instantly. This was user error that made so through bad user experience, avoid this company, there‚Äôs so many others to choose from."
2024-01-20,-,"I use the mobile app primarily to search for tasks and other asana material on the go and the lack of mobile universal search is unforgivable!

On the desktop and web apps the searches the entirety of comments for any keyword that‚Äôs essential because not everything is in a task‚Äôs name. This should be table stakes!"
2024-01-10,-,"The app is not user friendly , has terrible sorting ability.   Tasks need reset or are missing constantly.    Honestly a paper checklist that you take a photo of and send to you boss would be more useful.    Takeing photos of stock just adds to an endless pile of photos to sort through leading to HUGE delays when trying to upload new ones as thinna load.  Tasks I am to do everyday just disappear from the task list and even sending simple messages lacks an intuitive nature.      I thank god that ai is going to replace apps like this.          This isn‚Äôt special, there are a million task sorting apps out there‚Ä¶ try those"
2024-01-09,-,"Unfortunately the free version just took away the option to move a batch of tasks to a particular date. One has to move them one by one.  Not sure why they would reduce functionality like this. Unfortunate and looking for a new task manager after using asana for years. I almost bought the paid version for my team to use, but no longer going to do this."
2024-01-06,-,I was forced by a company who had a product I wanted to use your app to confirm my mailing address. I don‚Äôt want your app. I don‚Äôt need your app. I deleted your app. There‚Äôs no unsubscribe button on all the emails you keep sending!
2024-01-05,-,"The iPad app is awful, and it automatically opens from safari if you have it installed. The main page usually shows me no information, and it doesn‚Äôt keep my sorting from the online version. The windows are poorly sized and hard to read. Just terrible."
2023-12-26,-,"I have used this app for a couple of years now, and absolutely loved it until this last update. The update completely ruined the app for me. Desktop version is fine, but the iOS app is awful now. Each task takes up so much space now, it is harder to move tasks around and impossible to rearrange task folders. On top of that, you cannot select and delete multiple tasks anymore. I‚Äôm looking for a new app because using the desktop version any time I need to delete tasks is not feasible. Please change it back!!!!"
2023-12-20,-,"I use this to manage my business and my team, and I need an on the go option through the app. The desktop version is great. However, this app is impossible. I get issues signing in and then when I‚Äôm in, nothing will load. It‚Äôs just a blank page. Essentially the app is useless for me, even after updating it, deleting it and re-downloading it. So unfortunate."
2023-12-11,-,"3 lines per task. 

End of Asana use for me."
2023-12-08,-,The last update for this app was terrible. It looks and acts so clunky. Task lines are twice as tall as before which greatly reduced visibility of task lists. Reordering tasks has become very difficult as the app is not very responsive and it seems sections now cannot be reordered at all. This app seems to get less functional with every update. I can hardly use it now and may need to rethink how I use or or start using a new app all together. Bummer because the desktop version is pretty great. They just can‚Äôt figure out mobile.
2023-12-07,-,"Asana on desktop is a 10/10. If you could get the same overview of all the calendars on iPad, that would be 11/10! Right now, more of a 7/10 for helpfulness. Still cool though."
2023-12-07,-,"I don‚Äôt know why they decided to reduce functionality, I can‚Äôt multi-select subtasks and it takes me forever to scroll through now. I think I‚Äôll actually have to switch apps if this functionality doesn‚Äôt return. It‚Äôs basically unusable for me on mobile now. 

Did literally anyone test this to make sure users don‚Äôt hate it?"
2023-12-06,-,New update removed ability to select and delete multiple tasks at a time
2023-11-22,-,It‚Äôs really bad this app is not easy to use than before . I can not find my main task in home page .the board list is very hard to control and UI is very urgely„ÄÇdeleted and find a new app .
2023-11-20,-,"I updated the app and now I can‚Äôt sign in, it says I am Alfred signed in even though I am not"
2023-11-15,-,"I really like Asana‚Äôs approach and concept‚Äîhowever I find this unusable on an iPhone due to the tiny font size and inability to use it in Landscape mode so you can actually read the full task name. If they fix that, it would be amazing!"
2023-11-11,-,Why do tasks list default to sorting by ‚Äúnone‚Äù?
2023-10-30,-,Other apps like Jira have recently overhauled their user interface to make it better able to convey the most important information first and filter everything else with tons of space in between so that the amount of information is less overwhelming. I think Asana could do a lot to improve their notifications both in filtering and selecting when they want to be notified. I also think that Asana is somewhat confusing and in someways is almost too flexiblewhen setting up projects and working cross functionally because it requires almost what seems to be a collegiate degree to understand how the pieces fit together
2023-10-14,-,The app widgets are not supported in MacOS Sonoma. Interacting with the widget says to open on iPhone to continue‚Äîwhich sort of defeats the purpose.
2023-10-05,-,Everything is just perfect thank you üôèüèª
2023-09-30,-,Really need time tracking in mobile app
2023-09-28,-,"SSO sign in regularly lands you in already signed in error loop, delete the app and reinstall; in completely broken state where I am logged in and not logged in, email unknown, half the buttons not working‚Ä¶finally log out of broken state and log back in and back to normal‚Ä¶til my next forced sign out where I get to repeat."
2023-09-26,-,"Asana is amazing, there are many features to utilize with assigning tasks for ur teams, subtasks, due dates, tasks status etc. I love the my tasks calendar view so I can see  todays tasks or this weeks tasks. I can easily move tasks to different days. 

My only request is that when tasks are marked as done, they go to the bottom of the list so I can see what still needs to be done right at the top of my daily tasks in the week/calendar view."
2023-09-19,-,"Where are the favorites after the latest update?? 
I use that multiple times a day for work on my phone and now I can‚Äôt access it. I have to type in and find each person separately. Please FIX IT!!!"
2023-09-15,-,Asana needs to get its act together and offer the same features that are available in the desktop version in the app!
2023-09-11,-,"The asana app works ok in a pinch, but, especially in board view is not as useful in the mobile app. It‚Äôs basically the web version not optimized for a small screen."
2023-09-10,-,"Can we please have the ability to apply relative dates to tasks, projects, rules, and workflows? I need something that will allow me to set dates many days from now. I do understand that you have added something like this in the customer option but that is still not what I need. It would be great if you could toggle the option to use relative anywhere in the app."
2023-09-06,-,"In case you don‚Äôt know, not everyone reads German! Please make sure people that speak other languages can read the release notes!"
2023-08-28,-,"I installed this app, had to create an  account, played with it briefly and decided it‚Äôs not what I‚Äôm looking for.  Tried to delete my account just minutes old and it said since I was on a paid account I‚Äôd have to contact the person who created the account, which is me.  Makes no sense.  I never agreed to a paid account.  What kind of scam is this?    I feel like I‚Äôm going to regret ever installing this stupid app."
2023-08-25,-,"The idea is great, but it's unfortunate that this app does not work on the iPad. I think it's ridiculous that you're expected to only use this on an iPhone and not an iPad. The idea seems great but it's not. The website automatically sends you to the app and the app doesn't work. So as long as you're on the iPad, you can't use a sauna at all, which is absolutely crazy."
2023-08-24,-,I work in a fast pace environment with 30-40 projects in any given month.  I've been using asana for 1 month and I've noticed a significant improvement in my productivity and team productivity.  We work more effectively than ever before and our customers have never been happier. I've been able to increase my work load and time management since adopting asana into my work.
2023-08-22,-,Why can‚Äôt you access forms on the app?! Just to even grab the link to the form.
2023-08-22,-,I downloaded this app per a recommendation and it hasn‚Äôt allowed me to view anything since I signed up. Complete waste of my team and I‚Äôs time
2023-08-21,-,In general it works okay. My issue is that I work in broadcast and our shooting calendar is a saved search. On the app it sorts by completed tasks starting in 2020. So in order to see anything I‚Äôd have to scroll through literal years of completed tasks and I have no earthly idea why I would want that.
2023-08-19,-,"Trying to do some basic things like look up all tasks assigned to a worker and it‚Äôs impossible to find.  Not intuitive for sure.

When viewing a task and clicking the worker it takes you to a task assigned to someone else.  

One touch later you‚Äôre accidentally un assigning the worker without any warning or confirmation.  

Accidentally touch another spot and with ZERO WARNING you just completed someone elses task and didn‚Äôt even know it. 

It‚Äôs delayed when you click something so you‚Äôre don‚Äôt know the effect of your click until seconds later and you already clicking something else.

The search leaves little to be desired.

Its so frustrating, and to make it worse, Asana disabled the web version 100% so there is not even a backup method.  They‚Äôre forcing this crappy, horribly designed iOS version on all. 

In summary, I think this was designed for the unicorn user. I mean for the person who actually designed it.  I expect that persona to have small fingers, and know exactly where the mystery hotspots are.   

For me, I‚Äôm uninstalling this iOS version and looking for a better option.  

Our company has been using Asana since 2014.   Use the app and you get that nostalgic feeling of going back to that time."
2023-08-18,-,Great app but they make it difficult to figure out how to cancel the trial. I couldn‚Äôt from my phone so I emailed them and didn‚Äôt hear back after a few days. Then I had to use my laptop and still couldn‚Äôt find it. Went through their chat to get it cancelled (agent was nice). Even if I needed this app I wouldn‚Äôt support it. Cancelling a trial should be straight forward like other apps. It should be quick and easy and not take over 30 minutes to figure out. Could easily be interpreted as deceptive.
2023-08-15,-,"Super easy to work with, I cannot begin to explain how much easier this app has made my day to day"
2023-08-15,-,"I have been using Asana for a few years and generally love it.  But on ipad the MyTasks view fills the whole screen with microscopic text.  You can zoom in, but as soon as you update a task, it goes back to the small size.  No matter how well designed everything else might be, this is the main way I manage my tasks, so not being able to use the view renders the app essentially useless to me.  Customization of the display seems to be nonexistent so I can‚Äôt even get rid of an empty column that is taking up real estate in hopes of the text getting bigger.  I‚Äôd love to see the iPad app actually optimized to take advantage of the extra space.  And it‚Äôs possible there‚Äôs info about this in a forum somewhere but they seem to make you create an account to access that support.  So I‚Äôll stick to using Asana on my Android phone where everything displays at a font size that is actually legible."
2023-08-15,-,Gives too much power to the lazy admin who controls the Parent tasks & recycles project to project. Forces the average end user to play detective for each of their subtasks.
2023-08-12,-,It‚Äôs a great application but in the iOS apps the tasks that you create in boards view automatically bounce to the first column even after selecting that the task needs to be in a different column.
2023-08-11,-,"This is just perfect for our family. We are starting a family cleaning service and the organizational potential from this app is blowing my mind, tbh"