Content;Url;Date
Ersatzteil angefragt, Antwort erhalten, bestellt und geliefert. Ersatzteil eingebaut und Ger√§t tut es wieder.Guten Service. Macht weiter so. Danke!;https://www.trustpilot.com/reviews/65b8a57b52bc2a4aa1f3e450;2024-01-30T09:30:04.0000000Z
Super schnelle Lieferung des Ersatzteiles und auch noch eine Einbauanleitung mit Bildern. Sogar eine Ersatzdichtung war dabei. Besser geht's nicht. Bin sehr zufrieden und w√ºrde Euch sofort weiterempfehlen.;https://www.trustpilot.com/reviews/65b8243f2e94beae72a4b5ae;2024-01-30T00:18:40.0000000Z
Man findet fast alles hier und die Bestellung war einfach und schnell. Die Sto√üd√§mpfer f√ºr meine Miele- Waschmaschine wurden schnell und g√ºnstig geliefert und passten wunderbar. Hier werde ich mit Sicherheit √∂fters nach Ersatzteilen st√∂bern,;https://www.trustpilot.com/reviews/65b8205753e52a83a2448432;2024-01-30T00:02:00.0000000Z
Die Lieferung erfolgte schnell‚Ä¶ das baugleiche Ersatzteil kostete nur die H√§lfte‚Ä¶. Und Dank eines Videos auf YouTube war der Austausch innerhalb von 15 Minuten erfolgreich‚Ä¶. TOP üëç;https://www.trustpilot.com/reviews/65b80ac8660fee5a53725117;2024-01-29T22:30:00.0000000Z
Topp Online-Shop: sowohl Auswahl und Artikelbeschreibungen. Schneller Versand, topp Ware. Sehr gerne wieder;https://www.trustpilot.com/reviews/65b7ef46b8ca5e2a7010ccc1;2024-01-29T20:32:38.0000000Z
Im gro√üen und ganzen bin ich sehr zufrieden. Ich habe mein Ger√§t eingeschickt und sofort nach der Ankunft eine R√ºckmeldung bekommen. Das Ger√§t kam unversehrt und in einem besseren Zustand wie vorher wieder bei mir an. Kann ich so nur weiter empfehlen.;https://www.trustpilot.com/reviews/65b7d10f20d371771c0c33f0;2024-01-29T18:23:44.0000000Z
Das gesuchte Ersatzteil war gut beschrieben und passte somit sofort. Lieferung p√ºnktlich, wie zugesagt.;https://www.trustpilot.com/reviews/65b7c9a554604231c5f584fd;2024-01-29T17:52:05.0000000Z
Guter Shop, schon mehrfach Ersatzteile gekauft, immer zufrieden gewesen. Auch R√ºcksendung, bei Fehlbestellung von mir, war problemlos. Empfehle ich gerne weiter den Shop.;https://www.trustpilot.com/reviews/65b7c3359c1e25b61255ab9f;2024-01-29T17:24:38.0000000Z
Das 2. Mal das Teil (Unterhitze-Modul f√ºr Backofen) bestellt. Was soll ich sagen‚Ä¶das Original damals hat 3,5 Jahre gehalten und das Ersatzteil 3 1/4 Jahre. Im Reparieren hab mittlerweile Routine, also insgesamt Geld gespart. Passt;https://www.trustpilot.com/reviews/65b6a81f988584f5567ac100;2024-01-28T21:16:47.0000000Z
Eindeutige Beschreibung, Bauteil passt genauso wir in der Webseite mir gezeigt worden und was besser ist - blitz Lieferung.Sehr gute Qualit√§t und ich kann nur weiter empfehlen!;https://www.trustpilot.com/reviews/65b63c4790816be590c77fbe;2024-01-28T13:36:39.0000000Z
Sehr guter shop. Ich finde es spitze, dass ich f√ºr einen 19 Jahre alten NeffGeschirrsp√ºler bei Euch im Shop noch den passenden Geschirrkorb f√ºr unten bekommen habe. Er passt perfekt.Die Lieferzeit war sehr kurz und der Preis ist auch ok.Vielen Dank, dieser Shop ist absolut weiterzuempfehlen.;https://www.trustpilot.com/reviews/65b56157926f905faa328b11;2024-01-27T22:02:32.0000000Z
Shop sehr gut, Ware schnell und gut verpackt geliefert. Preise so das Reparatur wirklich lohnt. Habe schon √∂fter hier gekauft und werde es bei Bedarf wieder tun.;https://www.trustpilot.com/reviews/65b4d4cfbafbd3398ce0ce87;2024-01-27T12:02:55.0000000Z
Ich habe ein Gem√ºsefach eines K√ºhlschrankes bestellt.Von der Bestellung zur Lieferung vergingen 2 Wochen. Wenn jemand eine schnelle Lieferung w√ºnscht, sollte er/sie wo anders bestellen. Der Preis des Fachs war allerdings g√ºnstiger als anderswo, aber zzgl. Versand.Das Ersatzteil war super verpackt und kam unbeschadet bei mir an.;https://www.trustpilot.com/reviews/65b4a48ba43b00bd76a60c49;2024-01-27T08:37:00.0000000Z
Waschmaschine war defekt. Habe schon √ºber einen Neukauf nachgedacht. Es waren aber nur die Kohleb√ºrsten abgenutzt. Nachmittags bestellt und den n√§chsten Tag Mittag geliefert. SUPER! Maschine l√§uft wieder. Das hat sich gelohnt. Super Service. Bei Bedarf gerne wieder.;https://www.trustpilot.com/reviews/65b3ccece9cd0c3f91b9909b;2024-01-26T17:17:01.0000000Z
√úber den angezeigten Fehlercode der Waschmaschine online hier angekommen. Das passende Video angesehen und zur √úberzeugung gelangt, das kannst du auch. Erst mal wegen dem Restrisiko den Motor ausgebaut und die Kohlen kontrolliert - die waren von den original 43mm auf ca. 6mm verschlissen. Die Kohlen bestell und per Paypal bezahlt, sie wurden am gleichen Tag noch zum Versand aufgegeben und kamen bei mir am n√§chsten Tag an. Danke f√ºr die vollumf√§nglichen Hinweise und Tipps im Video und die unerwartet schnelle Lieferung. Besser kann‚Äôs nicht ablaufen vielen Dank auch f√ºr den Tip wie der Fehler resetet wird. Werde euch auf jeden Fall weiterempfehlen, Danke das es euch gibt.;https://www.trustpilot.com/reviews/65b3cb60834a86ecdd845363;2024-01-26T17:10:25.0000000Z
Die Lieferung erfolgte schnell und zu einem vergleichsweise guten Preis. Die Ware war wie erwartet gut. Gerne wieder.;https://www.trustpilot.com/reviews/65b373a567d4ffd59916daac;2024-01-26T10:56:05.0000000Z
Gut an meiner Erfahrung war , dass mein Ersatzteil in k√ºrzester Zeit geliefert wurde und so der W√§schetrockner in vollem Umfang wieder einsatzbereit war. Ohne T√ºrgriff ist der Trockner leider nur mit einem Schraubenzeiher oder √§hnlichem Hebelwerkzeug zu √∂ffnen, wobei man letztendlich die T√ºre kaputt macht.;https://www.trustpilot.com/reviews/65b28cfa5d9d145718a7a273;2024-01-25T18:31:55.0000000Z
Einziger Shop, wo das Ersatzteil lieferbar war - noch nicht einmal beim Hersteller selbst war es zu finden. Dazu noch einfache Bestellung, super schnelle Lieferung und es passt perfekt. Volle Weiterempfehlung, gern wieder!;https://www.trustpilot.com/reviews/65b27d28894c1b71140833e3;2024-01-25T17:24:25.0000000Z
Wir haben eine neue Kabeltrommel fuer unseren Bisch Staubsauger gekauft. Bestellung und Lieferung super. Teil passte ohne wenn und aber. Der Einbau des Teils in den Ss war dann aber doch komplexer als gedacht. Hier waeren zus√§tzliche Infos zum Einbau hilfreich.;https://www.trustpilot.com/reviews/65b27a366f3e043908c4ea31;2024-01-25T17:11:51.0000000Z
Schnelle Lieferung und alles hat gepasst.Das Video hat auch sehr geholfen.Danke danke... Viel Geld gespart;https://www.trustpilot.com/reviews/65b270b845f7bf4198c81383;2024-01-25T16:31:21.0000000Z
Ich hatte ein Problem mit dem Geschirrsp√ºler, brauchte neue Kondensator.Sie hatten mir gleich ein gleichwertigen vorgeschlagen,weil den alten nicht mehr bestellbar ist.Sehr hilfsbereit.;https://www.trustpilot.com/reviews/65b209aa85cb496b9423dddd;2024-01-25T09:11:38.0000000Z
Eindeutige Beschreibung, Bauteil passt genauso wir in der Webseite mir gezeigt worden und was besser ist - blitz Lieferung.Sehr gute Qualit√§t und ich kann nur weiter empfehlen!;https://www.trustpilot.com/reviews/65b1ea0e204838559e4bf2d0;2024-01-25T06:56:47.0000000Z
Unsere Geschirrsp√ºlmaschine war undicht. Der von ihnen gelieferte Dichtring hat das Problem gel√∂st.Super Schritt f√ºr Schritt Anleitung hat den Einbau leicht gemacht. Der Versand war auch schnell.Das der Transport zehn Tage gedauert hat, war DHLschuld. Danke f√ºr eueren tollen Service, werde wieder bei ihnen Bestellen. Gr√º√üe Reiner S.;https://www.trustpilot.com/reviews/65b159b44e4a335be48c6471;2024-01-24T20:40:52.0000000Z
Schlechtes Servic! Senden mir den falschen Teil! Obwohl ich √ºber die Abbildung den richten bestellt habe. Jetzt muss ich auch noch die R√ºcksendegeb√ºhr zahlen, das ich zu meinen Geld komme!Nie wieder bestelle ich hier!;https://www.trustpilot.com/reviews/65b132b41ef33f388e2e64f6;2024-01-24T17:54:29.0000000Z
Ersatzteile in Originalqualit√§t sofort im Shop gefunden und bestellt. Lieferung kam schnell und es wurde √ºber den ganzen Vorgang informiert. Teile passten wie vom Werk zu einem guten Preis. Dieser Shop ist sehr f√ºr Selbermacher zu empfehlen!;https://www.trustpilot.com/reviews/65b12ebf117bef8098233f20;2024-01-24T17:37:35.0000000Z
Es ist spitze, wenn es noch Zubeh√∂r und Ersatzteile von alten Haushaltsger√§ten neu zu kaufen gibt. Dieser Shop bekommt die Note 1. LG;https://www.trustpilot.com/reviews/65b12ae9f219ec7f6d208a4e;2024-01-24T17:21:13.0000000Z
Ich w√ºrde mehr Sterne geben‚Ä¶Anfrage √ºber WhatsApp ‚Ä¶ bekam die richtigen Geschirrk√∂rbe f√ºr meine Sp√ºlmaschine, geliefert eingebaut und passen ‚Ä¶Vielen Dank;https://www.trustpilot.com/reviews/65b11c12a5100d6e1f401c67;2024-01-24T16:17:54.0000000Z
Alles bestens! Tutorial perfekt, schnelle und korrekte Abwicklung. Ersatzteil hat auch gepasst! Gerne wieder!;https://www.trustpilot.com/reviews/65b0efd564d3ea998408f8d1;2024-01-24T13:09:10.0000000Z
Das Ersatzteil f√ºr einen Staubsauger, das ich brauchte, war perfekt beschrieben, so dass ich keine Schwierigkeiten hatte, dieses zu w√§hlen, und es kam innerhalb k√ºrzester Zeit bei mir mit DHL an. Ich kann den Ersatzteilshop nur empfehlen.;https://www.trustpilot.com/reviews/65afecb25737bada4400ba3b;2024-01-23T18:43:30.0000000Z
Schnelle Lieferung,hat auch alles gepasst, so wie beschrieben. Vielen Dank dadurch konnte ich meinen Gefrierschrank wieder komplett mit neuen Gefrierschrankt√ºren, die mir kaputt gingen, versehen.;https://www.trustpilot.com/reviews/65afe50c05e7b34b42e51b81;2024-01-23T18:10:53.0000000Z
Teile schnell gefunden,bestellt.Schnelle Lieferung, perfekt verpackt und hat alles gepasst.Immer wieder gerne.;https://www.trustpilot.com/reviews/65afd9fb8e792f20ae3558cd;2024-01-23T17:23:40.0000000Z
Habe 2 Ersatzteile gebraucht, gesucht und gefunden. Schnell und professionell gelang ich zu meinem gesuchten Artikel. Bestellt und paar Tage sp√§ter, ganz unkompliziert kamen die Artikel an. Jeder Cent war es Wert hier zu bestellen. Ganz ohne Kopfschmerzen! Gute Arbeit liebes Ersatzteilshop.de!;https://www.trustpilot.com/reviews/65afd7aed84c2df87aefaac5;2024-01-23T17:13:51.0000000Z
Fein, dass man nun auch kleinere Ersatzteile bestellen kann. Die Beschreibungen, wie man diese richtig Einbaut, sind sehr gut gemacht.;https://www.trustpilot.com/reviews/65afadcce11b653ee2f1420f;2024-01-23T14:15:09.0000000Z
Meine Erfahrung war sehr gut, habe mit einem sehr kompetenten Mann gesprochen werde beim n√§chsten Einkauf der Ersatzteile f√ºr Spiel Uhren auf jeden Fall bei Ihnen wieder kaufen. Danke f√ºr die M√ºhe Klaus;https://www.trustpilot.com/reviews/65ae85195197d0fc8388bf15;2024-01-22T17:09:14.0000000Z
Die Beschreibung der Ersatzteile ist klar verst√§ndlich und √ºber die Sortierung kommt schnell und zuverl√§ssig zu dem richtigen Produkt. Das ist mal ein angenehmer Internetauftritt! Vielen Dank!;https://www.trustpilot.com/reviews/65acddc226fa6a493ff389ab;2024-01-21T11:02:59.0000000Z
Die Bestellung war unkompliziert, die Ware entsprach exakt der Beschreibung und die Lieferung war z√ºgig;https://www.trustpilot.com/reviews/65abebc48a8ae86cdefe5cb8;2024-01-20T17:50:29.0000000Z
Einfach nur gut. Wir waren auf der Suche nach einer Dichtung f√ºr unseren 11 Jahre alten Trockner. Eine Anfrage per E mail und alles war gekl√§rt. Wir bestellten, die Lieferung erfolgte schnell und das Teil passt. Besser geht es nicht. Sch√∂n das es sowas heute noch gibt.;https://www.trustpilot.com/reviews/65aab37cc198fdb52f83439c;2024-01-19T19:38:04.0000000Z
Super wie immer. Ich finde es super, dass wirklich alle E Nummern immer aufgelistet sind, so dass man sich sicher sein kann, wirklich das passende Teil zu bestellen!;https://www.trustpilot.com/reviews/65aa8f69f21ac83005c53f81;2024-01-19T17:04:10.0000000Z
Das defekte Teil (Heizpumpe Geschirrsp√ºler) lie√ü sich mittels des Fehlercodes und der Videos und Beschreibungen gut ermitteln, das Ersatzteil wurde schnell geliefert.Dank der Videos lie√ü sich das Teil ohne Probleme Tauschen.Maschine l√§uft wieder, die Anschaffung einer neuen war somit nicht notwendig.;https://www.trustpilot.com/reviews/65aa39e85e1a81e0310a1f12;2024-01-19T10:59:21.0000000Z
Mit der Lieferung und dem Ersatzteil hat alles bestens geklappt! Sehr schnelle Lieferung. Shop ist bestens zu empfehlen.;https://www.trustpilot.com/reviews/65a986476b8a5622e4eb8272;2024-01-18T22:12:56.0000000Z
Die Suchfunktionen sind sind sehr gut, die Auswahl gro√ü, die Preise angemessen bis g√ºnstig. Die Lieferung eines Strahlheizk√∂rpers f√ºr meinen 25 Jahre alten Herd war schnell und gut verpackt.;https://www.trustpilot.com/reviews/65a9410f8a7894c9780850e5;2024-01-18T17:17:36.0000000Z
Die Website ist sehr √ºbersichtlich und ich habe gleich gefunden, was ich suchte. Das Preis-Leistungsverh√§ltnis stimmt und die Lieferung erfolgte prompt. Absolut zu empfehlen!!!;https://www.trustpilot.com/reviews/65a93ef7ed4b0c401cc02bd8;2024-01-18T17:08:39.0000000Z
Ersatzteil war leicht zu finden im Shop. Bestellung und lLieferung haben 1a funktioniert. Teil passt. Alles gut :-);https://www.trustpilot.com/reviews/65a8d7ab413ac890b8dda1db;2024-01-18T09:47:56.0000000Z
F√ºr meine fast 50 jahre uralte bosch k√ºchenmaschine ein mixaufsatz zu bekommen war wie ein wunder,vielen dank ,schnelle unkomplizierte lieferung,Mit freundlichen Gr√º√üen üôã‚Äç‚ôÄÔ∏è b√§r üêª;https://www.trustpilot.com/reviews/65a8628084440256e1aeee98;2024-01-18T01:28:00.0000000Z
Schnelle Lieferung, unkomplizierte Bestellung.Leider ist so eine Backofent√ºrdichtung sehr kostspielig...knapp 100‚Ç¨;https://www.trustpilot.com/reviews/65a857b4d223a9d59fbc119c;2024-01-18T00:41:56.0000000Z
Sehr schnelle Lieferung, gute Suchfunktion um das richtige Modell zu finden. F√ºr meine Begriffe auch recht preiswert dazu.;https://www.trustpilot.com/reviews/65a838ee85f86ef300d4a2ba;2024-01-17T22:30:39.0000000Z
Schnelle Lieferung, Ersatzteile sind einfach zu identifizieren und zu bestellen, in Top-Qualit√§t. Toll, wenn man f√ºr einen 13 Jahre alten K√ºhlschrank noch problemlos Ersatzteile bekommt.;https://www.trustpilot.com/reviews/65a828b110380951f3da3f59;2024-01-17T21:21:22.0000000Z
Ging alles ruckzuck, nix zu meckern. Und √ºberhaupt super, dass man f√ºr einen fast 25 Jahre alten K√ºhlschrank noch ein Ersatzteil kriegt. Gut, dass es den Shop gibt!;https://www.trustpilot.com/reviews/65a820cee946e691ddb4efe9;2024-01-17T20:47:42.0000000Z
Danke f√ºr die superschnelle Lieferung , auch zwischen den Jahren.Das Ersatzteil passt einwandfrei zum Ger√§t und funktioniert.Leider funktioniert  der K√ºhlschrank trotzdem nicht optimal. Anscheinend doch ein anderes Problem;https://www.trustpilot.com/reviews/65a802dfb614908ac122131d;2024-01-17T18:40:00.0000000Z
Originale Filter f√ºr unseren schon √§lteren Staubsauger gefunden - gute Suchhilfen mit umfangreicher Typenauswahl!!!Schnelle Lieferung - alles OK;https://www.trustpilot.com/reviews/65a7f9bbfc63b0a5aad01dde;2024-01-17T18:00:59.0000000Z
Hier fand ich das Ersatzteil, das die Funktion des Schubfaches unseres K√ºhlschranks weiter gew√§hrleistet.;https://www.trustpilot.com/reviews/65a7f6e045d4ba2a2272ef04;2024-01-17T17:48:48.0000000Z
Pumpe im Shop gut und schnell gefunden. Einbauanleitung war super erkl√§rt. Teil passt und der Geschirrsp√ºler l√§uft wieder einwandfrei !!;https://www.trustpilot.com/reviews/65a7f48c4230f19655bf573d;2024-01-17T17:38:53.0000000Z
Heraussuchen des ersatzteiles, Bestellung, Abwicklung,  Bezahlung haben super geklappt,  ersatzteil passt, gerne wieder;https://www.trustpilot.com/reviews/65a7f0cee940bb7ba3768c38;2024-01-17T17:22:54.0000000Z
Super, dass man hier auch kleine Ersatzteile g√ºnstig bekommt. Sehr nachhaltig.Die Bestellung kam sehr schnell an.;https://www.trustpilot.com/reviews/65a7ef295867c520ffd70f68;2024-01-17T17:15:53.0000000Z
Einfache Suche im Shop und f√ºndig geworden. Bei Gelegenheit auf jeden Fall wieder hier...üëç Von mir gibt's üåüüåüüåüüåüüåü;https://www.trustpilot.com/reviews/65a67128b4f8d80ebccdf033;2024-01-16T14:06:01.0000000Z
Sehr schnelle Lieferung! Sehr gut f√ºr eine zeitnahe Reperatur!Artikel (filigranes Kunststoffteil) sicher verpackt.;https://www.trustpilot.com/reviews/65a3e59a49d8b0f6cc8cdf13;2024-01-14T15:46:03.0000000Z
"suchte f√ºr einen AEG Trockner Lavamat den passenden Ersatz-Motor. Der Service von Ersatzteilshop war optimal; da kommt der Kundendienst von AEG nicht ran. Und der Preis f√ºr den Ersatzmotor (wie bei AEG Kundendienst) war entscheidend g√ºnstiger";https://www.trustpilot.com/reviews/65a3d582cbd384e99b0121a1;2024-01-14T14:37:23.0000000Z
Prompte Lieferung eines Ersatzteiles f√ºr K√ºhlschrank, und zwar eines Butterfachhalters, der prompt und unbesch√§digt geliefert wurde. 2 vorausgegangene Bestellungen bei anderen Unternehmen hatten zur Folge, dass zwar prompt geliefert wurde, die Ware bei mir aber besch√§digt angekommen war.;https://www.trustpilot.com/reviews/65a284d7d708423b70b713d3;2024-01-13T14:40:55.0000000Z
Bin √ºber eine Reparaturanleitung bei YouTube f√ºr unsere Bauknecht WA Prime 754 PM bei diesem Shop gelandet. Habe hier eine passende neue Ablaufpumpe bestellt und sie bereits am √ºbern√§chsten Tag erhalten. F√ºr knapp 50 ‚Ç¨ habe ich also nicht nur ein Originalersatzteil erhalten, sondern auch noch eine perfekte Anleitung f√ºr den Austausch. Das ist heutzutage absolut herausragend und kann folgerichtig nur uneingeschr√§nkt weiterempfohlen werden! Operation gegl√ºckt ‚Äì Patientin (Maschine), Operateurin (ich) und Umwelt bedanken sich bei ersatzteilshop.de!;https://www.trustpilot.com/reviews/65a283e24b5b5d1da4dbffd6;2024-01-13T14:36:51.0000000Z
Sehr schnelle und zuverl√§ssige Lieferung. Gute Kommunikation des Liefervorgangs. Artikel passte und funktioniert nun schon einige Zeit einwandfrei.;https://www.trustpilot.com/reviews/65a064f7c4675e48cd8cfd49;2024-01-12T00:00:24.0000000Z
F√ºr unseren alten NEFF-Backofen brauchte ich eine neue Buchse, in der die rechte Auszugschiene f√ºr die Bleche h√§ngt, die war defekt und herausgebrochen. Im Ersatzteilshop den Herd-Typ eingegeben und prompt das passende Buchsenpaar gefunden. Nach schneller Lieferung gleich eingebaut, der Backofen musste daf√ºr herausgezogen und seitlich ge√∂ffnet werden. Buchse passte wunderbar mit r√ºckseitiger Sicherung und die Schienen haben unter dem Druck der Weihnachtsgans wunderbar gehalten. Frau zufrieden, Mann zufrieden.;https://www.trustpilot.com/reviews/65a02cf1a7125104a5512fea;2024-01-11T20:01:22.0000000Z
Ein sehr vertrauensw√ºrdiger Shop.Durch eingeben der Modellnummer des Ger√§tes oder durch die Navigation im System ,gelangt man schnell an alle m√∂glichen Ersatzteile f√ºr dieses Ger√§t. Bei unserer 15 Jahre alten Siemens Sp√ºlmschine war die T√ºrschloss-Schlie√üplatte gebrochen . Gefunden- bestellt und am n√§chsten Tag mit DHL geliefert! Sagenhaft! Leider funktionierte die Maschine doch noch nicht. Das Gegenst√ºck,die T√ºrverriegelung schien auch defekt zu sein .Ebenfalls bestellt und direkt nach den Feiertagen, wiederum innerhalb eines Tages geliefert. Die Maschine musste nach dem Einbau einmal resetet werden und l√§uft seitdem wieder problemlos. Vielen Dank an all Mitarbeiter ! Weiter so !;https://www.trustpilot.com/reviews/65a02cb9ad16b3a2ba513284;2024-01-11T20:00:26.0000000Z
Alles hat bestens funktioniert. Webseite bestens aufgestellt. Keine Probleme den Ersatzteilzu finden.;https://www.trustpilot.com/reviews/659f9a8ebb8ab4ee54adf156;2024-01-11T09:36:46.0000000Z
Super Auswahl an original Teile und alternativ Produkte.Schnelle Bearbeitung und super schnelle Lieferung.Teile eingebaut und unsere Waschmaschine l√§uft wieder.;https://www.trustpilot.com/reviews/659ee20db1df202392c8a512;2024-01-10T20:29:34.0000000Z
Super schnelle Lieferung und das 2 WerkTage vor Weihnachten. Meine LG Waschmaschine wollte nicht mehr schleudern/ abpumpen. Dank der Videos und der verf√ºgbaren Ersatzpumpe konnte ich den Schaden selbst beheben.Vielen, vielen Dank - besser geht nicht.Absolut 100% Empfehlung.;https://www.trustpilot.com/reviews/659ed268836b33eb8d8a878b;2024-01-10T19:22:48.0000000Z
Ich habe das Ersatzteil schnell im Shop gefunden! Falls wieder ein Ersatzteil bestellt werden muss, gerne wieder dort!;https://www.trustpilot.com/reviews/659ebcac9678be9050b2aea1;2024-01-10T17:50:05.0000000Z
Ersatzteil passt perfekt, g√ºnstiger Preis, sehr schnelle Lieferung und dank Videoanleitung leicht einzubauen.;https://www.trustpilot.com/reviews/659eb27845a5918deed765d7;2024-01-10T17:06:33.0000000Z
Die Suche nach den ben√∂tigten Ersatzteilen  war gut m√∂glich und aufgebaut. Versandabwicklung auch sehr gut;https://www.trustpilot.com/reviews/659e3ebdb6f366d25c2fa72e;2024-01-10T08:52:46.0000000Z
Die Lieferung erfolgte trotz Vorweihnachtszeit in Rekordzeit. Alles passte punktgenau und in der Qualit√§t der erhofften Ersatzteile. Super. Jederzeit gern wieder.;https://www.trustpilot.com/reviews/659d951514464cd60625ef0d;2024-01-09T20:48:54.0000000Z
Sehr schnelle, zuverl√§ssige Zusendung.  Ersatzteil war perfekt,Waschmaschine l√§uft wieder. Entsorgung der Maschine verschoben:-) Geld und Rohstoffe gespart- Danke;https://www.trustpilot.com/reviews/659d8e5a8eb8de2a5e21a436;2024-01-09T20:20:10.0000000Z
Ein Teil der Bestellung wurde geliefert, der andere nicht.Das Teil wurde irgendwo beim Paketshop abgegeben. Da laufe ich allerdings nicht hinterher. Jetzt h√§tte ich eine Erstattung erwartet...;https://www.trustpilot.com/reviews/659d7e45e8c06d605a669d8a;2024-01-09T19:11:33.0000000Z
Schnelle Zuordnung des richtigen Ersatzteils. Schnelle Kaufabwicklung und Erhalt, der gut verpackten Ware.;https://www.trustpilot.com/reviews/659d07e11b1c3d8090bee0cf;2024-01-09T10:46:26.0000000Z
Vielen Dank f√ºr die schnelle Lieferung des Ersatzteiles man kann sie nur weiterempfehlen somit hat unser Herd weitere f√ºnf bis zehn Jahre Leben erhalten mit freundlichen Gr√º√üen;https://www.trustpilot.com/reviews/659c49a8a04510877b7843f6;2024-01-08T21:14:49.0000000Z
Wenn man Probleme mit einem Haushaltsger√§t wie Geschirrsp√ºler oder Waschmaschine hat, wird das auf YouTube-tutorials immer sehr gut erkl√§rt und man kann Probleme sehr gut l√∂sen.Ich bin sehr zufrieden mit den L√∂sungen sowie mit dem Onlineshop und den Angebot die gemacht werden.;https://www.trustpilot.com/reviews/659c29ea96ae81e8df37a187;2024-01-08T18:59:22.0000000Z
Das bestellte Ersatzteil wurde schnell geliefert und ich konnte die Waschmaschiene reparieren.Danke f√ºr den Service;https://www.trustpilot.com/reviews/659c1fa920cb971de1901fc2;2024-01-08T18:15:37.0000000Z
Dank der guten Suchfunktion habe ich genau das Ersatzteil gefunden, das ich brauchte. Die Abwicklung  ging problemlos von Statten und die Lieferung kam schnell.;https://www.trustpilot.com/reviews/659c15eb3b02861adedb3a9b;2024-01-08T17:34:04.0000000Z
Das Ersatzteil passt perfekt, ist g√ºnstig und dank der tollen Videoanleitung in relativ kurzer Zeit eingebaut.;https://www.trustpilot.com/reviews/659c1478164bff990708cfc1;2024-01-08T17:27:53.0000000Z
Guten Morgen,Video zum Austausch einer Heizpumpe im Geschirrsp√ºler sehr anschaulich und hilfreich.Allerdings wird hier der Einbau auf einem Tisch gezeigt - Live, in einer K√ºche auf dem Boden, ist der Einbau schon etwas intensiver.Insgesamt gut und hilfreich !Lieferung des Ersatzteils trotz Weihnachtszeit innerhalb von 4 Tagen - auch gut.;https://www.trustpilot.com/reviews/659bb57724f0f095e47b7b0e;2024-01-08T10:42:31.0000000Z
Top Homepage zwecks Teilesuche, super schnelle Abwicklung. Teil passend, alles in allem ein rundum guter Service. Vielen Dank.;https://www.trustpilot.com/reviews/6598163fdc2a66c9ed2df7cc;2024-01-05T16:46:23.0000000Z
Ich habe schon zweimal mit Hilfe der Ersatzteilshop-Videos haushaltsger√§te repariert.!x Austausch Waschmaschinene-manschette und 1x Ceranglas Herd.Die Bestellung und Lieferung waren super.das Ceranglas perfekt vor Schaden eingepackt.Alles super !!!!;https://www.trustpilot.com/reviews/65979aea71906046829debf9;2024-01-05T08:00:11.0000000Z
Fairer Preis f√ºr T√ºrgriff LG Waschmaschine schnell geliefert. Top Original Ersatzteil.Sehr zu empfehlen immer wieder gerne;https://www.trustpilot.com/reviews/6596ff91f88a4877345d4e20;2024-01-04T20:57:22.0000000Z
Austausch des Salzbeh√§lter an meiner Bosch Geschirrsp√ºlmaschine.  Animiert durch das Video habe ich mich an die Reparatur getraut.  Dank der guten Webseite wurde das Ersatzteil schnell gefunden und die Lieferung erfolgte schon am n√§chsten Tag.  Vielen herzlichen Dank daf√ºr;https://www.trustpilot.com/reviews/6596d7b85f61a72036bede52;2024-01-04T18:07:20.0000000Z
Sehr schnelle Lieferung! Ersatzscheibe f√ºr meine Backofent√ºr war in 5 Minuten eingebaut. Bin restlos zufrieden!;https://www.trustpilot.com/reviews/6596cb667ab3c67f3e156da8;2024-01-04T17:14:46.0000000Z
Super Service Ersatzteil passte gut es fehlte nur in allen Medien ein Anleitungsvideo aber , selbst ist die Frau;https://www.trustpilot.com/reviews/6596cafbcf7b2e304e32e75e;2024-01-04T17:13:00.0000000Z
gro√ües Sortimentsehr einfache Ersatzteilsuchedetaillierte Anleitung mit Tipstolle, ausf√ºhrliche videossehr schnelle Lieferungfaire Preiseeine Dichtung bestellt, zum gleichen Preis zwei erhalten, weil wohl erfahrungsgem√§√ü oft eine beim Einbau kaputt geht (so war es dann auch)Vielen Dank und weiter so!;https://www.trustpilot.com/reviews/6595cc04537f6a4f97ab0c55;2024-01-03T23:05:08.0000000Z
Ersatzteil war sehr leicht zu ermitteln. Prompte Lieferung! Einbau problemlos. Besser geht nicht.Vielen Dank!;https://www.trustpilot.com/reviews/65957fc056b643b0e9d12288;2024-01-03T17:39:45.0000000Z
Gesucht und endlich gefunden und der Preis stimmt auch noch! Der Versand und die Verpackung waren top und der Artikel erf√ºllt voll & ganz meine Erwartungen! Vielen Dank und ein gesundes, erfolgreiches Jahr 2024 !!! üòä;https://www.trustpilot.com/reviews/65953ddbd0cf0b78c833ac59;2024-01-03T12:58:36.0000000Z
Die Seite macht die Ersatzteilbestimmung leicht. Die Lieferung erfolgte schnell und schon l√§uft die Maschine wieder!;https://www.trustpilot.com/reviews/659519a3d69f49433739e74f;2024-01-03T10:24:04.0000000Z
Die gesuchten Ersatzteile sind √ºber die Internetseite gut zu finden. Bestellung und Lieferung waren unkompliziert. Sch√∂n, dass man auch etwas reparieren kann und nicht alles wegschmei√üen muss.;https://www.trustpilot.com/reviews/6594565507e31bdf5084e0da;2024-01-02T20:30:45.0000000Z
"auch als Neukunde unkomplizierte Bestellung; schnelle Lieferung; passendes Teil -> alles bestens. Wir konnten auf diesem Weg einfach ein defektes Teil ersetzen und unser Staubsauger funktioniert wieder f√ºr die n√§chsten Jahre (hoffentlich ;-) )";https://www.trustpilot.com/reviews/65943a1f850c3fa6cdd93af2;2024-01-02T18:30:23.0000000Z
Es war etwas schwierig, das passende Teil zu finden. Ich w√ºrde 5 Sterne vergeben, aber das Preis-Leistungsverh√§ltnis k√∂nnte meiner Meinung nach besser sein.Das tut aber der gesamten Abwicklung und der Bestellung sowie der Qualit√§t der Ware, keinen Abbruch.;https://www.trustpilot.com/reviews/659436fc9cd126d7b48f8cd0;2024-01-02T18:17:01.0000000Z
Sehr schnelle Lieferung von Originalteilen.Alles perfekt.Bei der n√§chsten kaputten Maschine bestimmt wieder;https://www.trustpilot.com/reviews/6594360d8748010037a6ca30;2024-01-02T18:13:02.0000000Z
Falsche Beratung, mir wurde eine falsche Heizung f√ºr einen Kaffeevollautomaten verkauft. Da ich das leider zu sp√§t bemerkt habe, kann ich das Teil jetzt leider nicht mehr zur√ºckgeben.05.01.24Ich habe das Ersatzteil telefonisch mit Angabe der Ger√§tenummer, nach Beratung, erhalten. Mir wurde nicht mitgeteilt, dass das Ger√§t zwei Heizungen hat. Daher falsche Beratung;https://www.trustpilot.com/reviews/659434338310a4876b6703fd;2024-01-05T11:49:35.0000000Z
Internet-Auftritt zur Auswahl des richtigen Ersatzteils, Bestellung, Lieferung und Abbuchung wurden perfekt abgehandelt.;https://www.trustpilot.com/reviews/659434199fbee75cda425e29;2024-01-02T18:04:42.0000000Z
Das war meine erste Bestellung bei K11 Ersatzteilshop und ich war hoch zufrieden. Die Lieferung war p√ºnktlich, die Qualit√§t der Ersatzteile sehr gut und die beiliegende Beschreibung sehr hilfreich. Alles in Allem super!;https://www.trustpilot.com/reviews/65942f65d896db677c4abbe8;2024-01-02T17:44:37.0000000Z
Unfassbar, wieviele Ersatzteile dieser Shop anbietet und zudem noch Alternativen zu ggf. teureren Originalen.Ich habe gleich mehrere Ersatzteile gebraucht und auch alle bekommen. Der Versand dauerte nicht lange. Nachdem ich die Teile in meinen Staubsauger eingesetzt hatte, dachte ich, einen ganz neuen zu haben. Ich bin ein ganz gro√üer Fan von Reparieren statt Wegwerfen. Deshalb, macht bitte genauso weiter! Toll fand ich auch, dass der Shop alternative Teile anbietet, die ebenso passen und im besten Fall preislich g√ºnstiger sind als Originale. Gebe 10 von 5 Sternen f√ºr soviel Engagement.;https://www.trustpilot.com/reviews/6594290bf0cd0bebc4b013c9;2024-01-02T17:17:32.0000000Z
Super schneller Versand,  Ware gut verpackt und auf der Produktseite war direkt ein Montagevideo dabei - sehr hilfreich,  so konnte die Waschmaschine geretet werden.  Vielen Dank.;https://www.trustpilot.com/reviews/65942753a6e92162df0d2f67;2024-01-02T17:10:11.0000000Z
Schlichtweg TOP. Ersatzteil passt. War mir wegen der Bestellnummer unsicher, ob die Glasplatte passt. Habe innerhalb k√ºrzester Zeit eine qualifizierte Antwort mit Link zur Bestellung erhalten. Lieferung z√ºgig. Optimal verpackt. Einbauvideo top! Echt toll;https://www.trustpilot.com/reviews/659425d97ca8f9400b518a8f;2024-01-02T17:03:53.0000000Z
Unkomplizierte Bestellung und sehr schnelle Lieferung auch an Paketshop m√∂glich. Immer wieder gerne.;https://www.trustpilot.com/reviews/65930588a5a3e25a70bfa5de;2024-01-01T20:33:45.0000000Z
Habe zwei Teile f√ºr eine Siemens Waschmaschine ben√∂tigt und wurde schnell f√ºndig! Sehr gro√üe Auswahl an Ersatzteilen, unkomplizierte Anzeige, f√ºr welche Modelle die Teile geeignet sind und tolle Videos mit Erkl√§rungen und Montageanleitungen. Versand war ebenfalls super schnell - alles in allem sehr zu empfehlen!;https://www.trustpilot.com/reviews/6592f888b265be318e4af9c0;2024-01-01T19:38:17.0000000Z
Bei mei er Bestellung ist eine defekte K√ºhlschranklade angekommen, vermutlich Transportsch√§den. Man ist im ersten Augenblick entt√§uscht, weil man die Reklamation nun bearbeiten mu√ü.Aber die Abwicklung der Reklamation veranlasst mich zur Vergabe der 5 Sterne, weil die Abhandlung problemlos, unb√ºrokratisch uns sehr schnell abgewickelt wurde.;https://www.trustpilot.com/reviews/6592eab3197b92d3774a2e0f;2024-01-01T18:39:16.0000000Z
Alles super!Sehr gute √úbersicht im Shop. Sehr gute Preise. Keine √ºberh√∂hten Versandkosten. Vielen Dank, gerne wieder!;https://www.trustpilot.com/reviews/6592dff0c378ab66f77e0da2;2024-01-01T17:53:20.0000000Z
Sehr gute Datenbank mit Alternativteilen f√ºr alte Modelle. Sehr schnelle und zuverl√§ssige Lieferung, Teile passen perfekt.;https://www.trustpilot.com/reviews/65916fa1f4fe62edc707ad28;2023-12-31T15:41:54.0000000Z
Ich habe k√ºrzlich bei ersatzteilshop.de bestellt und bin sehr zufrieden mit dem gesamten Bestellablauf. Die Webseite war √ºbersichtlich und einfach zu bedienen, sodass ich schnell das passende Ersatzteil f√ºr mein defektes Ger√§t finden konnte. Besonders hilfreich war die mitgelieferte Reparaturanleitung, die es mir erm√∂glichte, das Ersatzteil selbstst√§ndig auszutauschen.Das bestellte Produkt, der Reparatursatz, hat perfekt gepasst und die Reparatur meines Ger√§ts war erfolgreich. Die Qualit√§t des Ersatzteils ist sehr gut und ich bin zuversichtlich, dass es lange halten wird.Insgesamt bin ich also √§u√üerst zufrieden mit meiner Erfahrung bei ersatzteilshop.de und kann den Shop nur weiterempfehlen.;https://www.trustpilot.com/reviews/65906a0a4dff32db6896c891;2023-12-30T21:05:47.0000000Z
Zuverl√§ssig und schnell. Vorkasse ist nicht so gut, wird aber nur bei Erstkunden so verlangt. Ich werde es sehen.;https://www.trustpilot.com/reviews/659029e805a84e88cb40dfdf;2023-12-30T16:32:08.0000000Z
Vielen Dank f√ºr die schnelle Lieferung. Ich konnte f√ºr 30 Euro somit unsere Waschmaschine retten. Kann ich nur weiter empfehlen. Am n√§chsten Tag waren die Teile da, und unsere Maschine l√§uft wie neu. Vielen Dank.;https://www.trustpilot.com/reviews/658ef78a16742a634b3fa8ef;2023-12-29T18:44:59.0000000Z
Wie dargestellt handelt es sich um einwandfreie Neuware, perfekt passend, superschnelle Lieferung zwischen den Jahren!;https://www.trustpilot.com/reviews/658ee2fa397ab54172cca2f3;2023-12-29T17:17:15.0000000Z
Alles bestens. Tolle Beschreibung bzw. Anleitung auf YouTube. Danach Ersatzteil bestellt - wurde schnell geliefert - eingebaut - funktioniert. G√ºnstige Alternative zum original  Ersatzteil wurde angeboten und gekauft. TOLL. Jederzeit gerne wieder.Vielen Dank.;https://www.trustpilot.com/reviews/658ea25a01b19be357ee5679;2023-12-29T12:41:31.0000000Z
Die Identifizierung und Auswahl der ben√∂tigten Ersatzteile mithilfe der Webseite war sehr komfortabel und die Lieferung erfolgte z√ºgig mit einer sehr ordentlichen Verpackung. Daher empfehle ich den Shop unbedingt weiter.;https://www.trustpilot.com/reviews/658dbb1482e1ff70b24cc63a;2023-12-28T20:14:44.0000000Z
Trotz der Weihnachtsfeiertage wurde meine Bestellung prompt bearbeitet und geliefert. Am 28.12. kam die Pumpensumpfdichtung bei mir an, so dass ich sie gleich einbauen konnte. Top vom Ersatzteilshop.;https://www.trustpilot.com/reviews/658da5d6aafb526712290c82;2023-12-28T18:44:07.0000000Z
Superschneller Service !!!Nach Reklamation kam sofortige Kl√§rung und schnelle Ersatzlieferung.Ich bin sehr zufrieden und w√ºrde bei Bedarf sofort wieder bestellen. Dankesch√∂n!!!;https://www.trustpilot.com/reviews/658d8c4f421de01c5a94a4d5;2023-12-28T16:55:12.0000000Z
Ben√∂tigtes Ersatzteil war durch die Zeichnung gut zu finden, Bestellung & Lieferung waren dann problemlos.;https://www.trustpilot.com/reviews/658d7d2d4ac0b43933b93887;2023-12-28T15:50:38.0000000Z
!!!  Die haben es geschafft, innerhalb 1 Tages unmittelbar vor Weihnachten das richtige Ersatzteil zu liefern !!! Hochachtung + Herzl Dank !;https://www.trustpilot.com/reviews/658c416cb5275a037d66a21a;2023-12-27T17:23:25.0000000Z
Was soll ich sagen, schnelle Lieferung, Orginalteil passt, bin sehr zufrieden. Immer wieder gerne. Danke.;https://www.trustpilot.com/reviews/658b32917a822f738b552ada;2023-12-26T22:07:46.0000000Z
Die Lieferung war ausgesprochen schnell und p√ºnktlich, das bestellte Teil war passgenau. Die Abwicklung (Bestellung, Lieferung und Bezahlung v√∂llig problemlos, so dass wir mir Ersatzteilshop sehr zufrieden waren. Vielen Dank!;https://www.trustpilot.com/reviews/658b12d8e75a15c9f11c32be;2023-12-26T19:52:24.0000000Z
Es war sehr einfach, im Webshop das ben√∂tigte Ersatzteil (Kondenswasserpumpe eines Bosch W√§schetrockners) zu identifizieren und zu bestellen. Das Video zum Thema hat dabei sehr geholfen, selbstverst√§ndlich auch als Anleitung zum erfolgreichen Einbau. Obwohl ich nicht der talentierteste Heimwerker bin, war der Austausch der Pumpe dank des Videos eine Sache von ein paar Minuten. Der WT l√§uft wieder problemlos, die ganze Transaktion von der Bestellung bis zum Einbau ging schneller und letztlich g√ºnstiger, als einen Techniker damit zu beauftragen.;https://www.trustpilot.com/reviews/658b050c2711e3263c84bb78;2023-12-26T18:53:33.0000000Z
Das Teil, dass wir brauchten ( Schiene f√ºr Geschirrsp√ºlmaschine) fanden wir recht schnell auf der Internetseite mit einer tollen Erkl√§rung, so dass der Kauf sehr schnell abgeschlossen war. Das Teil wurde auch schnell geliefert und konnte problemlos eingebaut werden. Wir sind sehr zufrieden.;https://www.trustpilot.com/reviews/658ace2f85c46e358287f3c4;2023-12-26T14:59:27.0000000Z
Sehr guter Shop mit schneller Lieferung. Das Ersatzteil war qualitativ sehr gut und passgenau. Der Einbau war dank YouTube Video selbst f√ºr einen Laien gar kein Problem. Besten Dank und jederzeit wieder.;https://www.trustpilot.com/reviews/658acd9b2f9401a7f78fe110;2023-12-26T14:57:00.0000000Z
Hab sehr gute Erfahrungen gemacht und w√ºrde jeder Zeit wieder bestellen. Schnelle Lieferung der Ersatzt√ºr f√ºr den Bosch kaffeevollautomaten,  die 5 Sterne sind verdient;https://www.trustpilot.com/reviews/658ab5eceff07e4dcd291fa8;2023-12-26T13:15:56.0000000Z
Schneller Versand, Lieferung schneller erfolgt als bei Lieferzeit angegeben, Ersatzteile wie angegeben, alles perfekt;https://www.trustpilot.com/reviews/658a04f41eb7454372a303ae;2023-12-26T00:40:53.0000000Z
Kaufe schon das zweite mal dort. Auswahl ist riesig. Selbst f√ºr √§ltere Modelle noch Ersatzteile vorhanden. Service, Lieferung und Qualit√§t der Produkte 1a. Daher von mir 5 Sterne.Gerne wieder!;https://www.trustpilot.com/reviews/6589ca2c24ea6648434237a6;2023-12-25T20:30:04.0000000Z
Ersatzteil kam super schnell und wir konnten unsere Waschmaschine erfolgreich instand setzen. Danke auch den hilfreichen Kurzvideos;https://www.trustpilot.com/reviews/6589a6ab8bbfe88aef46fdaf;2023-12-25T17:58:35.0000000Z
Vielen Dank f√ºr die Schnelle Lieferung des Flusensiebes f√ºr unseren Siemens Trockner. Es hat alles Super gepasst, gerne wieder.;https://www.trustpilot.com/reviews/6589a009628d453aa162be38;2023-12-25T17:30:18.0000000Z
Also bei mir war alles gut habe sehr schnell das Teil gefunden was ich br√§uchte n√§mlich ein Heizelement f√ºr einen Backofen dann gab es noch die Wahl original oder nachbau alles verlief gut schneller Versand eingebaut und alles funktionierte wieder daher eine Empfehlung von mir;https://www.trustpilot.com/reviews/65899d4a05c6762ee801f1f4;2023-12-25T17:18:34.0000000Z
Alles super! Schnelle Lieferung und. Kommte mein ben√∂tigtes Ersatzteil schnell finden und es hat einwandfrei in die Sp√ºlmaschine gepasst. W√ºrde immer wieder hier meine Ersatzteile bestellen! VG;https://www.trustpilot.com/reviews/65899b23fd7a70a34020db91;2023-12-25T17:09:24.0000000Z
Hallo, ich habe das richtige Produkt erhalten, die Verpackung ist sehr professionell, aber ich bitte Sie, den Preis zu reduzieren, der Preis ist etwas hoch. Vielen Dank f√ºr Ihr Verst√§ndnis.;https://www.trustpilot.com/reviews/6587f0eb60d359f4c74a1379;2023-12-24T10:50:52.0000000Z
Hatte Mi einen Boschherd- Schalterblock rechts bestellt, erhielt Fr irgendwie einen ganz anderen Artikel. Freitagsmmittags sofort reklamiert, unmittelbar danach der richtige Artikel abgesandt und heute Sa vor Weihnachten noch erhalten.Somit konnte ich den Schalterblock vor den Feiertagen einbauen.Das muss man nicht mehr kommentieren, das war Spitzenservice.;https://www.trustpilot.com/reviews/6586f0cc9f638db4022de931;2023-12-23T16:38:05.0000000Z
Schnelle Lieferung der richtigen Dichtung (182 mm) Durchmesser f√ºr Bosch Geschirrsp√ºler hat gut gepasst. Der Einbau war auch recht einfach durch gute Anleitung. Alles Bestens, immer wieder! Infos zur Trockenlegung des Schwimmerschalters w√§ren hilfreich. Ich hatte das mit einer Spritze von der Vorderseite ganz gut hinbekommen.;https://www.trustpilot.com/reviews/6585bfd2bd6bcf9e68452724;2023-12-22T18:56:50.0000000Z
Der Filter ist perfekt, Passt einwandfrei. Er macht auch seine Arbeit sauber.Danke. Kann ich nur empfehlen.;https://www.trustpilot.com/reviews/65847f24705ea0faac682025;2023-12-21T20:08:36.0000000Z
Das hat super funktioniert. Lieferung in 24 Stunden, besser geht nicht. Die gute alte Panasonic Microwelle konnte gerettet werden. Macht weiter so!;https://www.trustpilot.com/reviews/6584620a2cd7080b077d09d2;2023-12-21T18:04:27.0000000Z
Nicht gleich einen Techniker rufen. Versuchen selber den Fehler zu finden und zu beheben. Die M√∂glichkeit √ºber die Reparaturvideos herauszufinden woran es liegt und viel Geld sparen. Nicht gleich etwas neues kaufen zu m√ºssen.;https://www.trustpilot.com/reviews/65842875e7f7ac5650bee6a8;2023-12-21T13:58:46.0000000Z
Dieser Shop ist wirklich super...Wir haben eine Anfrage wegen einem Ersatzteil gestellt, und uns wurde sofort geholfen...Jederzeit w√ºrden wir wieder hier bestellen, weil der Kundenservice unschlagbar ist...*****;https://www.trustpilot.com/reviews/658354443e07a51bab4d30fd;2023-12-20T22:53:25.0000000Z
√úbersichtliche Seite, hab schnell gefunden, was ich suchte und es wurde schnell geliefert. Alles Bestens!;https://www.trustpilot.com/reviews/658312272e22c91db3e5e186;2023-12-20T18:11:20.0000000Z
Ersatzteile mit Hilfe der Daten im Shop ohne Problem gefunden.Ersatzteile p√ºnktlich bekommen.Alles Top.Kann ich nur empfehlen.Gerne wieder.;https://www.trustpilot.com/reviews/658303cce1a36c764e76953f;2023-12-20T17:10:04.0000000Z
Das Bestellte war in ganz kurzer Zeit bei uns und konnte eingebaut werden. Ganz herzlichen Dank f√ºr die schnelle Lieferung.;https://www.trustpilot.com/reviews/6582f95c189f679ab0347fbd;2023-12-20T16:25:32.0000000Z
Gute Hilfe bei der Fehlersuche und nach dem passenden Ersatzteil. Sehr schnelle Lieferung und auch gute Qualit√§t des Ersatzteils. Tolle Videos als Reparaturanleitung.;https://www.trustpilot.com/reviews/6582aaaf078a482a920465f0;2023-12-20T10:49:51.0000000Z
Wir haben f√ºr unsere alte Mikrowelle das passende gefunden. Nachdem ich gesehen hatte, dass ein vergleichbares Angebot bei Amazon aus China geliefert werden sollte, habe ich weiter gesucht und bin auf den Ersatzteilshop gesto√üen. Der Bestellprozess war einfach und die Lieferung erfolgte prompt.;https://www.trustpilot.com/reviews/6581cdd4715a807bdd644f3e;2023-12-20T08:09:17.0000000Z
Lieferung kam sehr schnell und zur vollen Zufriedenheit. Teile haben gut gepasst und es hat alles super funktioniert. Gerne wieder.;https://www.trustpilot.com/reviews/6581be53fbdf405c8c9d0f48;2023-12-19T18:01:24.0000000Z
"Der ""Handgriff wie Miele 9442601 35mm Rohr-√ò f√ºr Staubsaugerschlauch Bodenstaubsauger"" passt sehr gut ‚Äì er ist nur ein paar Zentimeter k√ºrzer als das Original. Das ist aber kein Problem.Als ich meine Bewertung abgeben wollte, fiel mir auf, dass der Preis erheblich gesunken war ‚Äì aber die Differenz wurde mir nachtr√§glich prompt erstattet. Vielen Dank!";https://www.trustpilot.com/reviews/65819444c0f3ba5e47c0935d;2023-12-19T15:01:57.0000000Z
Die Suche nach den passenden Ersatz-Scharnieren f√ºr den K√ºhlschrank war einfach und auch die Bestellung und Lieferung ging sehr schnell. Die Teile passten exakt und ich kann nur uneingeschr√§nkt loben.;https://www.trustpilot.com/reviews/65807deb26f47b44e3f080a1;2023-12-18T19:14:20.0000000Z
Ich war positiv √ºberrascht! Ich konnte nicht nur schnell das passende Ersatzteil finden, sondern habe auch direkt das passende Video gefunden, um die Abwasserpumpe an der Waschmaschine tauschen zu k√∂nnen. Sehr strukturiert und auf jeden Fall empfehlenswert.Ich habe mich nicht f√ºr das Markenprodukt, sondern f√ºr das g√ºnstigere Ersatzteil entschieden und es funktioniert einwandfrei! Danke;https://www.trustpilot.com/reviews/658077624d029921f3daab20;2023-12-18T18:46:27.0000000Z
erstens, da√ü es dieses Ersatzteil f√ºr einen rel. alten K√ºhlschrank (ca. 14 Jahre) noch gab, zweitens, da√ü die Bestellung √§u√üerst schnell und korrekt abgewickelt wurde! An einem Tag bestellt, am n√§chsten versandt!;https://www.trustpilot.com/reviews/658068830d7cbbfa882c935e;2023-12-18T17:43:00.0000000Z
Schnelle Bearbeitung und Lieferung, gute Verpackung.Der Artikel passte genau und funktioniert einwandfrei.;https://www.trustpilot.com/reviews/658065f8c6d082cf9c53cd41;2023-12-18T17:32:09.0000000Z
Sehr hilfreich wenn jemand sein Hausger√§t  selber reparieren will. Seite ist leicht zu nutzen und verst√§ndlich strukturiert. Bestellungen kommen in paar tagen wie auf die Seite steht. Meine Empfehlung;https://www.trustpilot.com/reviews/65806226d55d7ab353584047;2023-12-18T17:15:50.0000000Z
Der Bestellvorgang und die Bezahlung haben sehr gut funktioniert. Schnelle Benachrichtigungen per mail. Gute Kommunikation.;https://www.trustpilot.com/reviews/657edb49ea9a35561460778f;2023-12-17T13:28:10.0000000Z
Es kam immer alles p√ºnktlich und ohne Probleme bei mir an ich bin zu 100%zufriden ich w√ºnschte das w√§re bei allen so;https://www.trustpilot.com/reviews/657d8953e635dd6cdcca97c4;2023-12-16T13:26:11.0000000Z
sehr schneller Versand und Erhalt vom Ersatzteil, Ersatzteil wurde sorgf√§ltig verpackt, einwandfreie Ware, Preis/Leistung stimmt. Ich konnte dadurch mein Ger√§t reparieren anstatt Neukauf. Jederzeit wieder!;https://www.trustpilot.com/reviews/657cb9f0fe5474e6d5532c81;2023-12-15T22:41:20.0000000Z
Hallo...bin sehr zufrieden mit dem Ersatzteil...meine Privileg Waschmaschine l√§uft wieder super....Der Service war klasse...Vielen lieben Dank!;https://www.trustpilot.com/reviews/657bbc482f76d197376b51b7;2023-12-15T04:39:04.0000000Z
