Content;Url;Date;;;
Buon pomeriggio Decido di farmi un regalo, guardo una borsa e decido di volerla. Appena fatto ordine sono contattata per avere la tracciabilit√† del mio ordine. Dopo 2 giorni mi arriva........molto pi√π bella di come immaginavo.  Sicuramente da consigliare ed acquistare nuovamente.;https://www.trustpilot.com/reviews/65d4c71cd9460d0192975569;2024-02-20T17:37:00.0000000Z;;;
Ho acquistato un paio di scarpe saucony arrivate in tempo record. Metodi di pagamento sicuri.Sono anche stato contattato da loro dopo la consegna per vericare la mia soddisfazione.Sicuramente far√≤ altri acquisti.;https://www.trustpilot.com/reviews/65d0ec87ea4b978d7b30dba7;2024-02-17T19:27:36.0000000Z;;;
Bellissimo negozio online, ho ordinato scarpe e borsa di noti brand italiani a prezzo scontato, la merce √® arrivata il giorno dopo.Merce di qualit√† e imballata accuratamente. Molto soddisfatta, far√≤ sicuramente altri ordini. Consigliatissimo üòä;https://www.trustpilot.com/reviews/65d0ee066e81cbad2f58bd51;2024-02-17T19:33:59.0000000Z;;;
Borsa arrivata , in tempi brevi! Perfetta senza difetti ( cosa importante ) ma soprattutto staff disponibile e gentile ! Alla prossima ‚ù§Ô∏è;https://www.trustpilot.com/reviews/65d4a64ac9e40adc56d19132;2024-02-20T19:11:22.0000000Z;;;
Ho acquistato una borsa love moschino, bellissima üòç √® arrivata in pochissimo tempo! √à il secondo acquisto che faccio da Kim e ne far√≤ tantissimi altri üòç;https://www.trustpilot.com/reviews/65d48812d8c577a1bf484522;2024-02-20T13:08:02.0000000Z;;;
Ordine arrivato puntuale,perfetto nella confezione.Lo zaino √® molto bello,molto pi√π che in foto,completo di sacca in tessuto per riporlo in armadio.Sito consigliatissimo;https://www.trustpilot.com/reviews/65d0f09fd4d5ab4d4d3d955a;2024-02-17T19:45:03.0000000Z;;;
ho trovato quello che cercavo ad un ottimo prezzo, il servizio √® stato rapido e ho sempre ricevuto aggiornamenti sulla spedizionelo consiglio;https://www.trustpilot.com/reviews/65d0ecc76eb972a074406a86;2024-02-17T19:28:40.0000000Z;;;
Ho acquistato un paio di tronchetti nero giardini ad un prezzo estremamente vantaggioso, arrivati  nel giro di tre giorni . Estremamente soddisfatta dell' articolo. Gentili e celeri nel rispondere gli operatori. Esperienza positivissima.;https://www.trustpilot.com/reviews/65ca65255e353a81368eef28;2024-02-12T20:36:22.0000000Z;;;
√à stato un piacere acquistare da loro! Spedizione veloce, invio del tracking tempestivo‚Ä¶ in 2/3 giorni ho ricevuto le mie scarpe!Faremo grandi affari insieme üòÅ;https://www.trustpilot.com/reviews/65ce3625f91241cada010be1;2024-02-15T18:04:53.0000000Z;;;
Tutte le fasi di acquisto sono state chiare, facili e senza alcun intoppo. La spedizione velocissima. Il prodotto acquistato √® come descritto sul sito. Nessun problema. Sicuramente far√≤ altri acquisti. Mi sento con tutta franchezza di consigliarlo;https://www.trustpilot.com/reviews/65cb40e33cb330242990f4ca;2024-02-13T12:13:56.0000000Z;;;
Azienda del settore abbigliamento, scarpe e accessori multimarca di qualit√†. Ordinato un paio di stivali Nero Giardini dell ultima collezione in saldo ad un prezzo eccezionale. Inoltre rapidi nella spedizione, ottimo supporto al cliente nel rispondere alle domande. Confezionamento ben fatto e resistente del pacco.Arrivato nel giro di 3 giorni dall ordine;https://www.trustpilot.com/reviews/65c2817e9283dcb43f15a64d;2024-02-06T20:59:10.0000000Z;;;
Scarpe bellissime e imballo perfetto, tempo di consegna in pochissimi sconti. Consentito il pagamento con scalapay.Loro dello staff super disponibili e interessati alla nostra esperienza con loro, ti chiedono anche com'√® andata la consegna e se siamo soddisfatti dell'acquisto! Comprer√≤ sicuramente di nuovo da loro!;https://www.trustpilot.com/reviews/65c54c2766668882a2983282;2024-02-08T23:48:23.0000000Z;;;
Ho acquistato un paio di scarpe brand SUN68 su questo negozio online e sono rimasto estremamente soddisfatto dell'esperienza complessiva. Il prodotto che ho ricevuto √® di ottima qualit√†, esattamente come descritto sul sito. Ci√≤ che mi ha sorpreso positivamente √® stato il prezzo, che era inferiore rispetto alla concorrenza per lo stesso articolo.Inoltre, il servizio di spedizione √® stato eccezionale. Il pacco √® stato inviato immediatamente dopo l'ordine e ho ricevuto il mio acquisto in tempi rapidi, rispettando perfettamente la tabella di marcia indicata sul sito. √à stato estremamente confortante poter contare anche sull'assistenza tramite numero Whatsapp. Sito web che consiglierei vivamente ad amici e familiari.;https://www.trustpilot.com/reviews/65c511505aad3481f525c2be;2024-02-08T19:37:21.0000000Z;;;
Ho acquistato un paio di scarpe che volevo da tempo a un pezzo t davvero scontato e competitivo.Il pacco √® arrivato in ottime condizioni ed inoltre la consegna √® stata pi√π rapida di quanto mi aspettassi.Consigliatissimo!;https://www.trustpilot.com/reviews/65ca4a9365c9bb0adc686536;2024-02-12T18:42:59.0000000Z;;;
Avevo ordinato un paio di stivaletti ma quando sono arrivati ho capito che avrei preferito un paio leggermente diverso che avevo visto sul loro sito. Ho chiesto se potevo effettuare il cambio e mi hanno risposto subito positivamente. Hanno organizzato il cambio ed il tutto √® avvenuto in modo semplice e rapido‚Ä¶. Veramente bravi e gentili!!;https://www.trustpilot.com/reviews/65c0dc82ee43092826dad2dd;2024-02-05T15:02:59.0000000Z;;;
Professionalit√† e gentilezza ai massimi livelli, sono stato consigliato e guidato dall‚Äôinizio fino alla fine e anche nel post vendita gentilezza eccellente. Oggi nella vendita on line √© davvero difficile fidarsi, quindi davvero complimenti per aver conquistato a pieno tutta la mia fidicia. Al prossimo acquisto;https://www.trustpilot.com/reviews/65bcee3db33ace9b798ed704;2024-02-02T15:29:33.0000000Z;;;
√à  la prima volta che compro da kimaccessori,mi sono trovata benissimo, i prezzi sono ottimi ,il prodotto  √®  arrivato in perfette condizioni  e corrispondente alle aspettative,spedizione  celere. Tutto  perfetto;https://www.trustpilot.com/reviews/65c7bd66c225f551be6e724a;2024-02-10T20:16:06.0000000Z;;;
Navigando su internet ho trovato questa azienda dove ho ordinato le dottor Martin per mia moglie che dire prodotto originale e consegna rapida grazie al prossimo acquisto.;https://www.trustpilot.com/reviews/65c7a7582e1b1ce75da647fd;2024-02-10T18:42:01.0000000Z;;;
Sono stati gentilissimi e molto competenti dai consigli sul pagamento al tracciare il pacco in ogni spostamento. Li consiglio vivamente;https://www.trustpilot.com/reviews/65c7ab4ece2902c1ff1924d9;2024-02-10T18:58:55.0000000Z;;;
Era la prima volta che acquistavo su Kim e devo dire che nonostante un disguido per un invio errato, hanno risolto tutto in pochissimo tempo. Professionali e affidabili. Da consigliare sicuramente üëç;https://www.trustpilot.com/reviews/65c3398ac148164e29e8af38;2024-02-07T10:04:26.0000000Z;;;
Prezzo davvero ottimo per un paio di Sun 68, il pi√π basso del web! Spedizione velocissima e assistenza cordiale e puntuale! Consigliatissimo!;https://www.trustpilot.com/reviews/65ca53a15256812c53dcafa8;2024-02-12T19:21:38.0000000Z;;;
Esperienza fantastica, prodotto originale e conferme alla descrizione, ben imballato e spedizione veloce, consiglio a pieni voti;https://www.trustpilot.com/reviews/65d33fc5c2c60969d36ac539;2024-02-19T13:47:17.0000000Z;;;
Ottima esperienza davvero! I prezzi sono maggiormente scontati rispetto a molti altri e la spedizione √® velocissima,max 2 giorni e gli articoli arrivano a casa. Servizio clienti eccellente e disponibile. Lo consiglio a tutti!!;https://www.trustpilot.com/reviews/65bf2df8f6d196ad2b323844;2024-02-04T08:26:00.0000000Z;;;
Azienda seria, precisa, puntuale, e celere nelle risposte sin dalle primissime info richieste per l'acquisto. Consegna super rapida. Consigliatissimo e da seguire per acquisti futuri.;https://www.trustpilot.com/reviews/65c0fb0132b79405dc34080d;2024-02-05T17:13:06.0000000Z;;;
Il prodotto √® arrivato puntuale e ben confezionato. Il Servizio clienti tramite Whatsapp mi ha comunicato l‚Äôavvenuta spedizione e il tracciamento del pacco.  Molto soddisfatta dell‚Äôacquisto! Lo consiglio sicuramente.;https://www.trustpilot.com/reviews/65beb4b27bdfbf6e0b9da52d;2024-02-03T23:48:34.0000000Z;;;
Le sneakers sono come in foto,ottima qualit√† prezzo sono rimasta senza parole,gli operatori di una gentilezza unica e il pacco √® arrivato in sole 24 ore complimenti davvero!Riacquister√≤ da voi sicuramente senza alcun dubbio;https://www.trustpilot.com/reviews/65bbcff6803ec604ad65edbf;2024-02-01T19:08:06.0000000Z;;;
Ho acquistato un prodotto ad un prezzo super competitivo, pacco ben confezionato. Servizio clienti top,ho acquistato in contrassegno e ho potuto comunicare tutto tranquillamente tramite WhatsApp, mi hanno anche inoltrato il tracking per la spedizione. Che dire,super soddisfatta. Alla prossima;https://www.trustpilot.com/reviews/65bbb4e6fc3952e06d3e2a2f;2024-02-01T17:12:39.0000000Z;;;
Ho ordinato 2 paia di scarpe su Kimaccessori.it e mi sono trovato davvero bene.....Scarpe molto belle e di qualit√† Staff molto gentile e disponibile Consiglio di acquistare da loro....Grazie Christian;https://www.trustpilot.com/reviews/65cb2fec4f4f961faa05190e;2024-02-13T11:01:32.0000000Z;;;
Ottimo negozio e venditore! Ho comprato delle Sun 68 stupende, spedizione veloce, venditore super disponibile anche su whatsapp!;https://www.trustpilot.com/reviews/65ca47eaa6bf54bd36b9addc;2024-02-12T18:31:38.0000000Z;;;
questa √® l‚Äôennesima volta che acquisto da Kim accessori e devo dire che ogni volta sono impeccabili e precisi! Grande valore aggiunto e garanzia di qualit√† √® l√† chat sempre attiva e disponibile! Consiglio vivamente!!!üîù;https://www.trustpilot.com/reviews/65be8a28376b3c3557f23ab9;2024-02-03T20:47:05.0000000Z;;;
I prodotti che ho acquistato li conoscevo gi√† come brand.... E posso garantire che oltre ad arrivare ben imballati non presentano alcun difetto... √à come andare in negozio a comprare, con l eccezione del prezzo tra tutti i pi√π convenienti senza intaccare la qualit√† del prodotto. Per non parlare poi dell evasione dell ordine stesso... In 24 ore gi√† a destinazione... Seriet√† e celerit√† fanno la differenza... Continuate cos√¨. N¬∞1;https://www.trustpilot.com/reviews/65bf538243e48289079ef785;2024-02-04T11:06:11.0000000Z;;;
Non conoscevo questa azienda , nel valutare i prodotti mi ha dato subito affidabilit√†, articoli di qualit√† e soprattutto un servizio che mette in contatto compratore con azienda , consegna veloce ...molto affidabile....Eccellente;https://www.trustpilot.com/reviews/65c09f4c5b9bb24aa2d8c1ea;2024-02-05T10:41:49.0000000Z;;;
Gentilezza e cortesia sono le caratteristiche che rappresentano questo negozio Sono rimasta molto felice dalla professionalit√† con cui svolgono il loro lavoro anche perch√© hanno sodisfatto tutte le mie esigenze Consigliato ü•≥ü•≥ü•≥ü•≥;https://www.trustpilot.com/reviews/65be87e8667fa9b545ebc648;2024-02-03T20:37:28.0000000Z;;;
Il pacco √® arrivato ben confezionato e conforme alla richiesta. Nella chat il venditore √® a disposizione per qualsiasi dubbio .;https://www.trustpilot.com/reviews/65c7a322fc5bb5634eed872a;2024-02-10T18:24:03.0000000Z;;;
Rapidi, efficaci e veloci anche nella consegna del pacco da parte del corriere. Ho avuto una bella esperienza nell acquistare una borsa, ritorner√≤ sicuramente per nuovi acquisti!;https://www.trustpilot.com/reviews/65bc0798d3de9f85b7566a8a;2024-02-01T23:05:29.0000000Z;;;
Prodotto acquistato bellissimo, arrivato in perfette condizioni (doppia scatola) e con apposita sacca per la borsa. In pi√π, spedizione velocissima e serissimi nel contatto con l‚Äôacquirente. Sicuramente riacquister√≤ da loro. Consigliatissimo!;https://www.trustpilot.com/reviews/65beac35ac1c9dc4148a4ec7;2024-02-03T23:12:21.0000000Z;;;
Non √® la prima volta che compro  da Kim accessori ed anche questo acquisto  √® andato secondo le aspettative! Vasta scelta sulle ultime tendenze a prezzi super competitivi!!;https://www.trustpilot.com/reviews/65bea7ec8ed6262248d45998;2024-02-03T22:54:04.0000000Z;;;
Ho acquistato per la prima volta su questo sito e mi sono trovata davvero bene, consegna super rapida e il prodotto era imballato perfettamente!! consiglio davvero tanto;https://www.trustpilot.com/reviews/65c0b9526c7317578d7267a6;2024-02-05T12:32:51.0000000Z;;;
Era la prima volta che acquistavo e posso confermare che sia stato un ottimo acquisto! Prodotto arrivato prima del previsto. Ricomprer√≤ sicuramente!;https://www.trustpilot.com/reviews/65c27f712b3d2d6c64cf918e;2024-02-06T20:50:26.0000000Z;;;
Ho trovato disponibilit√† e seriet√† nell'immediatezza. Gli articoli sono ancora pi√π belli dal vivo...sopra ogni aspettativa. Sono rimasta soddisfatta di tutto. Far√≤ sicuramente altri acquisti.;https://www.trustpilot.com/reviews/65bbe59270a783e784d9344d;2024-02-01T20:40:19.0000000Z;;;
Ho acquistato un prodotto al miglior prezzo disponibile su Internet, preso di pomeriggio √® arrivato la mattina seguente. Il prodotto e il servizio sono perfetti, meglio di molti siti famosi in tutto il mondo.;https://www.trustpilot.com/reviews/65ba6eb85474930636b8eace;2024-01-31T18:00:57.0000000Z;;;
Ho acquistato due paia di scarpe 1 sun 68 1 Hey dude, scarpe originali ottimo prezzo spedizione veloce. Venditore super consigliato a presto;https://www.trustpilot.com/reviews/65be7de7d72079d53fdd2ef3;2024-02-03T19:54:48.0000000Z;;;
Gentilissimi! Assistenza su wathsapp puntuale ed esaustiva. Consegna nei tempi, informazioni sullo stato di spedizione. Scarpe perfette, lo consiglio vivamente!;https://www.trustpilot.com/reviews/65be7935cf0339983f1a0af4;2024-02-03T19:34:45.0000000Z;;;
Descrizione sul sito accurata, ho ricevuto il mio ordine perfettamente imballato e in tempo brevissimo. Ci sono tantissimi prodotti di qualit√†. Sicuramente riacquister√≤ da loro.;https://www.trustpilot.com/reviews/65bfc23b5f6be1bd8779b4a1;2024-02-04T18:58:36.0000000Z;;;
Consegna velocissima (un paio di gg), prodotto topüòç ! Efficienza e professionalit√† ‚Ä¶. Sono ufficialmente diventata vostra cliente üòáüòáüòá;https://www.trustpilot.com/reviews/65c7c4e8e16f5ed7bc8a5e6a;2024-02-10T20:48:09.0000000Z;;;
Ordine immediato preciso e veloce. Loro sono cortesi e gentili. La merce era perfetta. Sicuramente continuer√≤ ad essere cliente.;https://www.trustpilot.com/reviews/65c0ffbe4044335e06b501db;2024-02-05T17:33:19.0000000Z;;;
Ho acquistato presso questo negozio online ‚Ä¶ sono stati celeri nella spedizione tutto perfetto grazie al prossimo acquisto;https://www.trustpilot.com/reviews/65c7ab08849ff0b5e3ebf087;2024-02-10T18:57:45.0000000Z;;;
Il personale √®  gentilissimo. Il pacco √®  arrivato nei tempi previsti. Le scarpe erano perfette e bellissime. Lo consiglio a tutti;https://www.trustpilot.com/reviews/65c7b09bd89fcf5db3e6fe03;2024-02-10T19:21:32.0000000Z;;;
Non e‚Äô il mio primo acquisto su Kim accessori e devo dire con molta franchezza che ognuno dei miei acquisti e‚Äô stato atteso e ricevuto nei tempi indicati.C‚Äôe‚Äô una vasta scelta,una facilita‚Äô di acquisto ed un customer service sempre presente.Se devo dare un voto,per me e‚Äô 10.;https://www.trustpilot.com/reviews/65bfdc8878023ec211486bdf;2024-02-04T20:50:49.0000000Z;;;
Ho comprato un paio di stivaletti bellissimi e molto comodi. Arrivati il giorno dopo l'acquisto. Ho comprato altre volte e continuer√≤ a comprare ancora da Kim. Azienda seria e competente;https://www.trustpilot.com/reviews/65be8d109bc4f13aa05c7049;2024-02-03T20:59:28.0000000Z;;;
Servizio efficiente. Ordinato luned√¨ sera, pacco arrivato in meno di 48h.Prodotto imballato perfettamente, integro e molto bello.Consigliato!;https://www.trustpilot.com/reviews/65c37fc6f291332f78bbdf47;2024-02-07T15:04:06.0000000Z;;;
Mi sono trovata benissimo con questa ditta i prodotti sono ottimi e rispondono alla descrizione. √à ottimo anche il servizio di spedizione fatto con cura e velocemente.;https://www.trustpilot.com/reviews/65bbe7b7ab3aa6d07a9121d0;2024-02-01T20:49:28.0000000Z;;;
L'ordine ha risposto pienamente alle aspettative. Una borsetta impeccable. Piacevolissima l'attenzione del servizio clienti che mi ha seguito passo passo;https://www.trustpilot.com/reviews/65bcbf2c3f1bca99c9fd7d51;2024-02-02T12:08:45.0000000Z;;;
Bhe che dire eccezionali come cordialit√† seriet√† impegni e ottima scelta x me che ho acquistato da loro ü•∞‚ù£Ô∏èüí™üèºü´∂ü´∂ü´∂ ve li consiglio raga i miei mou sono bellissimi ü•∞  e spedizione gratis ü§∑üèæ‚Äç‚ôÄÔ∏èü´∂che vuoi pi√π dalla vita ‚ò∫Ô∏èüòâal prossimo acquisto buona serata;https://www.trustpilot.com/reviews/65bbd037fa253a2cddcea86d;2024-02-01T19:09:11.0000000Z;;;
Buongiorno, ho ordinato un paio di dr. Martin's a ridosso del Natale, arrivati in brevissimo tempo, bellissimi!!!!.... Le ditte serie di riconoscono!!!!!;https://www.trustpilot.com/reviews/65bcbd41841b27c27efb6a63;2024-02-02T12:00:33.0000000Z;;;
Acquisto a pochi giorni di natale... sono riusciti a fare l' impossibile per aiutarmi. Prezzo super conveniente e spedizione veloissima.;https://www.trustpilot.com/reviews/65be2fa8139836edeedecec6;2024-02-03T14:20:56.0000000Z;;;
Sono molto contenta e soddisfatta per aver scelto la Kimaccessori per il mio acquisto.. seriet√† gentilezza fanno parte di questa societ√† la sceglierei mille volte ancora;https://www.trustpilot.com/reviews/65b8f665f2a8e66f1a8b9ca6;2024-01-30T15:15:17.0000000Z;;;
Ho ordinato un paio di stivali Nero Giardini, sono arrivati in pochi giorni tutto perfetto‚Ä¶ mi hanno seguito passo dopo passo per la spedizione‚Ä¶ consiglio vivamente;https://www.trustpilot.com/reviews/65c0bcab1d489b592d9ea274;2024-02-05T12:47:08.0000000Z;;;
Una buona esperienza. Spedizione veloce, pacco ben confezionato, oggetto come da descrizione. Indosso le scarpe tutti i giorni da un mese e sono di ottima qualit√†. Consigliato.;https://www.trustpilot.com/reviews/65b807acb394a96f63f003f0;2024-01-29T22:16:45.0000000Z;;;
In realt√† √® la prima volta che acquisto da qs azienda .. cercavo un brand e loro avevano cii che cercavo ad un prezzo invitante ... che dire nn ssta sicuramente l'ultima volta che comprer√≤.. anke perch√© esiste il pagamento karma ..che √® molto comodo ... che dire grazie e arrivederci al prossimo acquisto;https://www.trustpilot.com/reviews/65bfd614bb7a22758fe13756;2024-02-04T20:23:16.0000000Z;;;
Super felice del mio acquisto, arrivato molto veloce nonostante periodo di feste . Sicuramente acquister√≤ ancora da questo sito ‚ô•Ô∏è;https://www.trustpilot.com/reviews/65bbd0655cce681399b1275b;2024-02-01T19:09:58.0000000Z;;;
Buongiorno, Ho ricevuto puntualmente 11 gennaio la borsa che avevo richiesto, tutto in ottimo stato.Vi ringrazio .Cinzia;https://www.trustpilot.com/reviews/65bfc04138054af20b99e8d6;2024-02-04T18:50:10.0000000Z;;;
Molto soddisfatta,il prodotto ordinato e ricevuto molto bello e comodo..loro molto premurosi,disponibili,gentili e attenti a controllare la spedizione..grazie di tutto;https://www.trustpilot.com/reviews/65b7e85fd34990ae37b681e5;2024-01-29T20:03:11.0000000Z;;;
Consegna nei tempi previsti e massima disponibilit√† da parte di tutto lo staff. Le foto dei prodotti sono veritiere e fatte bene;https://www.trustpilot.com/reviews/65bbcd02ea4e33f4d2e54dce;2024-02-01T18:55:31.0000000Z;;;
Consegna velocissima prodotti perfetti. Faremo sicuramente altri acquisti in futuro.  Ottimo servizio clienti pre e post vendita.  Veramente complimenti;https://www.trustpilot.com/reviews/65be7bac8289d4415c54097e;2024-02-03T19:45:17.0000000Z;;;
Assolutamente perfetti: imballaggio, velocit√† di spedizione, borsa magnifica. Comprer√≤ di nuovo da questo sito! Grazie :);https://www.trustpilot.com/reviews/65bfdb1b8a8d293c4d505a0d;2024-02-04T20:44:43.0000000Z;;;
Ho acquistato un paio di anfibi cult con un ottimo sconto, e sono rimasta positivamente colpita dall'accuratezza e velocit√† della spedizione. Consigliatissimo!;https://www.trustpilot.com/reviews/65be1a10156315aa0286b1c3;2024-02-03T12:48:48.0000000Z;;;
Negozio con un sito ricco di articoli, una volta effettuato la prenotazione del mio articolo velocemente contattati dal personale del negozio che mi seguiva per la successiva consegna dove quest‚Äôultima √® stata molto veloce;https://www.trustpilot.com/reviews/65c0fdd928a9ececf208071f;2024-02-05T17:25:14.0000000Z;;;
Spedizione ultra rapida. Il prodotto √® arrivato perfettamente conforme alle aspettative. Personale gentile e cortese. Stra consigliato.;https://www.trustpilot.com/reviews/65bf62439fd5afc095feecd6;2024-02-04T12:09:08.0000000Z;;;
Ho acquistato diverse volte da quest'azienda,veloci nei tempi di consegna,sempre affiancati nella tracciabilit√†,pacco arrivato ben integro,molto soddisfatta grazie;https://www.trustpilot.com/reviews/65bfd5ccbe975ffd573c748c;2024-02-04T20:22:05.0000000Z;;;
La puntualit√† per la consegna. Ho acquistato un paio di Mou prezzo scontato. Arrivato prima del previsto con tanta cura nella consegna. Lo consiglio;https://www.trustpilot.com/reviews/65be75fdcb2f86498f979df2;2024-02-03T19:21:02.0000000Z;;;
Ho acquistato una bellissima borsa rebelle,imballaggio perfetto,spedizione veloce..cosa dire, tutto perfetto! Consigliato üîù;https://www.trustpilot.com/reviews/65bfdb6052c727cb5b758e69;2024-02-04T20:45:52.0000000Z;;;
Personale attento ad ogni richiesta fatta rispondono velocemente ad ogni domanda. Prezzi competitivi. Consiglio vivamente!üòâüëç;https://www.trustpilot.com/reviews/65be88f1fbd24095a0c4556e;2024-02-03T20:41:54.0000000Z;;;
Serieta e professionalit√† top scarpe arrivate intatte ... e soprattutto la qualit√† ottima..ricomprero sicuramente da loro;https://www.trustpilot.com/reviews/65bbd90d499ab578ad973a72;2024-02-01T19:46:54.0000000Z;;;
Molto soddisfatta degli acquisti effettuati. Prezzi competitivi e spedizione veloce. Affidabili. Gentilissimi,Torner√≤ certamente ad acquistare.;https://www.trustpilot.com/reviews/65ca802af782bc6c7af5d806;2024-02-12T22:31:39.0000000Z;;;
Tutto positivo dalla cordialit√† alla originalit√† degli articoli alla puntualit√† e velocit√† nella consegna e anche ordine nel pacco benfatto;https://www.trustpilot.com/reviews/65c1d7f6b87ce65b8c8d8ed6;2024-02-06T08:55:51.0000000Z;;;
Ho effettuato l'acquisto di una borsa e sono estremamente soddisfatta sia della qualit√† dell'articolo che della professionalit√† dimostrata nella puntualit√† della spedizione;https://www.trustpilot.com/reviews/65bfd4685933e942d7449c4f;2024-02-04T20:16:08.0000000Z;;;
Ho comprato un paio di Mou per la mia ragazza prima di Natale. Molto veloci nella spedizione e molto professionali. Grazie;https://www.trustpilot.com/reviews/65b80d22d351bda5251498e6;2024-01-29T22:40:02.0000000Z;;;
Ho ordinato un paio di scarpe tommy hilfiger, sono arrivate proprio come son state ordinate, sito serio e cordiale. Grazie.;https://www.trustpilot.com/reviews/65b65b01f33d4615fceffef0;2024-01-28T15:47:45.0000000Z;;;
Ho acquistato un paio di mou prima di natale ..la consegna √® arrivata in breve tempo nonostante il periodo e il tutto ad un prezzo super conveniente...;https://www.trustpilot.com/reviews/65b55b91c5559ba5b876a29d;2024-01-27T21:37:53.0000000Z;;;
Ho acquistato delle scarpe e sicuramente ripeter√≤ l'esperienza.Venditore top quality,scarpe bellissime,spedizione veloce e con una rete di risposta alle domande fatte,veloce ed efficace. Grazie ragazzi alla prossima üáÆüáπüëè;https://www.trustpilot.com/reviews/65b54567578b92a2dd0e562f;2024-01-27T20:03:20.0000000Z;;;
Ho acquistato un piumino da donna (ad un ottimo prezzo oltretutto) che √® arrivato perfettamente confezionato e velocemente. Super consigliato!;https://www.trustpilot.com/reviews/65b3566f01f5d204fba2a34f;2024-01-26T08:51:28.0000000Z;;;
Spedizione velocissima, possibilit√† di dilazionare il pagamento in tre rate davvero comoda e prodotti originali al 100%! Avete superato le mie aspettative!;https://www.trustpilot.com/reviews/65b2a2286d51a91261ec3ede;2024-01-25T20:02:16.0000000Z;;;
Prima volta che compro su questo sito, soddisfatta di tutto. Ho comprato una borsa Michael kors risparmiando molto se avessi comprato in altri siti avrei speso molto di piu. Borsa bellissima. pacco  perfetto e velocissimi Comprero di nuovo. Grazie kim;https://www.trustpilot.com/reviews/65afc230ee5982e0dd028042;2024-01-23T15:42:09.0000000Z;;;
Volevo farmi un bel regalo a natale e quindi ho deciso di acquistare una borsa ed un portafoglio su Kimaccessori.it....sono molto seri e quello che acquisti √® ancora pi√π bello quando ti arriva.. grazie di tutto ...sicuro ci riacquistero'üòä;https://www.trustpilot.com/reviews/65aec1c7f65ac5ee2d89df38;2024-01-22T21:28:07.0000000Z;;;
Scarpe originali Consegna nei tempi previsti Assistenza clienti ottima Consiglio vivamente l‚Äôacquisto presso questo negozio;https://www.trustpilot.com/reviews/65ae3c4586be7509fbd85a54;2024-01-22T11:58:30.0000000Z;;;
Molto rapidi con la spedizione .articolo perfetto e l ho trovato con un otto o sconto .Celeri nelle risposte .Consiglio il sito .;https://www.trustpilot.com/reviews/65ad02e25e247de7eacdcfdf;2024-01-21T13:41:22.0000000Z;;;
"spedizione della merce puntuale, buon pacco, il prodotto era come richiesto; molto buona l'assistenza clienti tramite whatsapp";https://www.trustpilot.com/reviews/65acfa37a4077eb8ab6a695c;2024-01-21T13:04:23.0000000Z;;;
Servizio impeccabile: attenzione al cliente durante l'acquisto ma anche successivamente,al fine di verificare che tutto sia andato bene.Tempi di consegna brevi e puntuali. Far√≤ sicuramente altri ordini presso questo fornitore.Super consigliato!;https://www.trustpilot.com/reviews/65acf9e9520ae16ad46509f2;2024-01-21T13:03:06.0000000Z;;;
Inizialmente, non conoscendo l'azienda, ero un po' diffidente. Prima di procedere con l'ordine ho contattato l'azienda via WhatsApp e ho potuto constatare la professionalit√† e la disponibilit√†. Ho fatto l'ordine e il risultato √® stato ottimo. Prodotto originale. Il tempo di consegna √® stato breve. Sono ampiamente soddisfatta. Ringrazio per la cordialit√† della signora che risponde alle comunicazioni su WhatsApp. Consiglio vivamente.;https://www.trustpilot.com/reviews/65aceccda07f676d1e25c84f;2024-01-21T12:07:10.0000000Z;;;
Ottima azienda, ho comprato un prodotto di marca ad un prezzo davvero ridotto. Spedizione velocissima. Consiglio a tutti!;https://www.trustpilot.com/reviews/65ac259956ba3b5bacc92d4e;2024-01-20T21:57:14.0000000Z;;;
Articolo e arrivato ben confezionato, spedizione e puntuale, artilolo, cosa io comprato, in ottimo stato... Sensa graffi, macchie, curatissimo.. Com'√® sulla foto.. Sicuramente torner√≤ a comprare qualcosa di carino... Grazie..;https://www.trustpilot.com/reviews/65ac0c5261271525e7917c06;2024-01-20T20:09:23.0000000Z;;;
Tutto ok, ottima transazione.Prodotto ottimo, arrivato nei tempi previsti con imballo adeguato.Richiesta fattura in un secondo tempo,  ricevuta senza problemi.Consiglio!!!!;https://www.trustpilot.com/reviews/65abfd11ed6f0e64a72890fd;2024-01-20T19:04:18.0000000Z;;;
Ho ordinato stivaletti per mia figlia.....prodotto ottimo.....prezzo buono....e spedizione veloce...consiglio questo sito....;https://www.trustpilot.com/reviews/65abfbcd1d8ac5d62dc4104c;2024-01-20T18:58:53.0000000Z;;;
Azienda molto seria. Consegna puntualissima. Pacco fatto molto bene ho acquistato un borsello a tracolla maschile the bridge √® arrivato nei tempi stabiliti √® bellissimo e impacchettato molto bene. Personale molto gentile per qualsiasi domanda anche tramite whatsapp. Ricomprerei sicuramente su questo sito.;https://www.trustpilot.com/reviews/65abfa0af2726739f696b050;2024-01-20T18:51:22.0000000Z;;;
Store molto assortito, ricco di modelli recenti. Uno dei pochi ad averne di disponibili nei giorni del Black Friday. Ottimi prezzi, molto concorrenziali (migliori dei pi√π blasonati store online). Consegna non immediata (entro pochi giorni, comunque) ma dovuta al periodo. Pacco ben confezionato. Ovviamente, prodotto originale. Da considerare per le prossime necessit√†. ... E poi.. √® italiano!!;https://www.trustpilot.com/reviews/65abd43dbb3953c9015619f0;2024-01-20T16:10:06.0000000Z;;;
Mi sono trovata molto bene sul vostro sito sia per il prezzo molto conveniente ho acquistato mocassini di Ash con sconto del 30% che ancora in giro erano a prezzo pieno e sono stata molto contenta anche per la spedizione veloce! Al prossimo acquisto;https://www.trustpilot.com/reviews/65abc2f51791d195fd2304c6;2024-01-20T14:56:22.0000000Z;;;
Ordine effettuato con un p√≤ di scetticismo perch√© non conoscevo questo sito. Poi invece mi sono ricreduta. Esperienza super positiva. Chiarezza e velocit√† i loro punti di forza. Sicuramente in futuro riacquister√≤.;https://www.trustpilot.com/reviews/65abbd21152c93503328acab;2024-01-20T14:31:29.0000000Z;;;
Veramente professionali e oggetti molto belli, io ho acquistato due paia di snikers della Valsport, ottima qualit√† e ottimi prezzi, super consigliati!;https://www.trustpilot.com/reviews/65abaabc88fd9b8f50f66686;2024-01-20T13:13:00.0000000Z;;;
Servizio di assistenza cordiale e molto attento. Hanno accettato senza nessun problema il cambio dell' articolo nonostante fosse evidente il mio errore di valutazione sul numero, aiutandomi con consigli puntuali sulla scelta dell' articolo sostitutivo. Tempi di consegna rispettati a pieno nella pi√π trasparente tracciabilit√† del pacco. Nulla da eccepire, vivamente consigliato.;https://www.trustpilot.com/reviews/65aa4ca7ef47b1380ef87f78;2024-01-19T12:19:20.0000000Z;;;
Transazione perfetta, si parte da una navigazione sul sito molto semplice e intuitiva alla spedizione rapidissima passando da un pagamento sicuro!Eccellente!!!;https://www.trustpilot.com/reviews/65a9074f33dcabf494362503;2024-01-18T13:11:11.0000000Z;;;
Acquisto sul sito semplice e intuitivo e pagamento comodo con paypal. L'ordine √® arrivato dopo soli 3 giorni, imballato benissimo. Posso solo dire che √® stato tutto PERFETTO!!!;https://www.trustpilot.com/reviews/65a8fb6eb7ba0b4f8669f555;2024-01-18T12:20:30.0000000Z;;;
Consigliatissimo!! Seri e professionali. Ho ordinato degli stivali. Sono arrivati in tre giorni imballati in maniera impeccabile, perfetti, comodit√† ed onesta nei pagamenti‚Ä¶. Consiglio per prossimi acquisti;https://www.trustpilot.com/reviews/65a7d0bbad0603afa2a7a4a1;2024-01-17T15:06:04.0000000Z;;;
Il negozio online offre delle belle offerte, ho preso degli stivaletti dr. Martens stupendi. Inoltre i venditori sono molto disponibili e seguono l'invio del prodotto e la consegna accertandosi che quest'ultima sia andata a buon fine. Ottima esperienza d'acquisto!;https://www.trustpilot.com/reviews/65a647434f6fa8fb0db13939;2024-01-16T11:07:15.0000000Z;;;
Professionale attenti con il vostro cliente e se c'√® qualche problema loro entra in contatto con te per questo do ‚≠ê‚≠ê‚≠ê‚≠ê‚≠ê e la consegna e veloce brave üëèüëèüëè;https://www.trustpilot.com/reviews/65a2f92dec231d10a5e3fd6a;2024-01-13T22:57:18.0000000Z;;;
Si acquista tra una vasta scelta di prodotti di marca, in modo facile e sicuro, se hai dubbi vieni supportata da un back office pronto ed attento. Veramente precisi e affidabili;https://www.trustpilot.com/reviews/65a2d7ae9f1862437d5e9ce4;2024-01-13T20:34:23.0000000Z;;;
Le scarpe sono state consegnate rispettando i tempi di consegna, ho pagato con contrassegno e non ci sono stati problemi, sono stata contattata subito dopo aver fatto l‚Äôordine e mi √® stato inviato il link per il tracking del pacco. Tutto perfetto e il prezzo davvero conveniente;https://www.trustpilot.com/reviews/65a28d97ea1ae55cb3002821;2024-01-13T15:18:16.0000000Z;;;
Ho acquistato da Kim il 23/11/2023 delle sneaker tommy Hilfiger blu, scontate,sono arrivate presto e perfette, personale gentile ed efficiente, consiglio gli acquisti.;https://www.trustpilot.com/reviews/65a24f03b8ae74ae433b2d9e;2024-01-13T10:51:16.0000000Z;;;
Ho acquistato un paio di Dr. Martens nel periodo del Black Friday. Sono rimasta molto soddisfatta dell'articolo perch√© era conforme a quanto descritto sul sito e anche per il prezzo vantaggioso. Inoltre anche l'assistenza √® ottima in quanto sono veloci a rispondere a qualsiasi tipo di domanda e la spedizione √® arrivata in tempi rapidi. Lo consiglio!;https://www.trustpilot.com/reviews/65a247288dc8d7da87f63560;2024-01-13T10:17:45.0000000Z;;;
Affidabilit√† compenza, cortesia e velocit√† Una sicurezza insomma. Consiglio per shopping online di varie marche di abbigliamento e accessori e scarpe;https://www.trustpilot.com/reviews/65a17a9a26b24703b4da2289;2024-01-12T19:44:59.0000000Z;;;
Ho ordinato un paio di stivali durante il Black Friday e sono molto soddisfatta di tutto il servizio!Spedizione velocissima: sono arrivati due giorni dopo nonostante il periodo di acquisti molto intenso.L‚Äôordine era tracciabile e ho potuto seguirlo dall‚Äôinizio alla fine.Consiglio questo shop, su cui sicuramente far√≤ altri acquisti!;https://www.trustpilot.com/reviews/65a13a8173324e5f1365217f;2024-01-12T15:11:29.0000000Z;;;
Esperienza molto soddisfacente per qualit√† dei prodotti, cortesia del servizio cliente, rapidit√† nella risposta da parte del servizio clienti e rapidit√† di consegna üöö.;https://www.trustpilot.com/reviews/65a119a8ee054106485649e3;2024-01-12T12:55:24.0000000Z;;;
Complimenti per la seriet√†,  sono molto soddisfatto delle scarpe sneakers bianche Richmond , arrivate dopo 4 giorni dall'ordine üëèüëèüëç;https://www.trustpilot.com/reviews/65a00d2b8e3582e6037450e4;2024-01-11T17:45:47.0000000Z;;;
Ho acquistato un giubbotto BLAUER scontato, davvero soddisfatta dell'acquisto. Il prodotto √® arrivato ben imballato, senza danni e soprattutto era conforme a quanto ordinato. Assistenza molto presente e rapida nelle risposte, presenti anche su Wstp. Acquister√≤ nuovamente.;https://www.trustpilot.com/reviews/659eb0af459c01dd582f14a0;2024-01-10T16:58:55.0000000Z;;;
Che dire... veramente soddisfatto dell' acquisto!! Disponibili, veloci e sopratutto cortesi che a mio avviso √® una cosa fondamentale. Al prossimo acquisto ragazzi che, di sicuro non mancher√†.;https://www.trustpilot.com/reviews/659e5fbfb468fefbb1975148;2024-01-10T11:31:09.0000000Z;;;
Negozio serio affidabilissimo.. personale gentile disposto ad aiutarti in tutto!!Ho acquistato una borsa arrivata in due giorni davvero bellissimaüòçüòçüòç acquister√≤ sicuramente altre volte da loro;https://www.trustpilot.com/reviews/659c4cda1ebdc2439455f001;2024-01-08T21:28:26.0000000Z;;;
Ottima esperienza, la borsa che ho acquistato √® arrivata nei tempi stabili ed √® stato tutto perfetto. Consigliatissimo anche per le offerte che propone.;https://www.trustpilot.com/reviews/659a8f5e8675c9b1d871a799;2024-01-07T13:47:43.0000000Z;;;
Azienda seria ed eccellente, scarpe bellissime spedizione veloce ottimo rapporto qualit√†  prezzo gentilezza e cortesia. Acquister√≤ ancora;https://www.trustpilot.com/reviews/659853c64e0ecf4ea4eb6626;2024-01-05T21:08:55.0000000Z;;;
Primo acquisto fatto sul loro sito! Top, spedizione velocissima, articolo perfetto anche nel prezzo!!! Sicuramente far√≤ altri acquisti e lo consiglio!!!;https://www.trustpilot.com/reviews/65984726e139b1ff4145acfc;2024-01-05T20:15:02.0000000Z;;;
Ho acquistato una borsa da questo splendido negozio e sono rimasta davvero super soddisfatta. cura del cliente, gentilezza e disponibilit√†. Elisabetta ha sempre risposto alle mie richieste e devo dire che la consegna √® stata puntuale e il prodotto √® arrivato in perfette condizioni. Sicuramente far√≤ altri acquisti da Kim.;https://www.trustpilot.com/reviews/659843bde7aedc13fbdf6f17;2024-01-05T20:00:29.0000000Z;;;
Seri, veloci e disponibili!√à bello avere un contatto diretto dopo un ordine per chiarire eventuali dubbi, noti la seriet√† e questo rende pi√π tranquilli.;https://www.trustpilot.com/reviews/6597e93fc1184f026a2ca60a;2024-01-05T13:34:24.0000000Z;;;
Ho trovato in periodo di Black Friday un paio di anfibi a prezzo estremamente competitivo, specialmente rispetto ad altri store online o negozi fisici, che o avevano prezzi pi√π alti o non avevano taglie disponibili.La spedizione √® stata rapida e accuratamente imballata, subito disponibile il tracking comodamente accessibile da messaggi.Consigliati, se dovessi cercare nuovamente delle scarpe specifiche sicuramente cercherei sul loro sito.;https://www.trustpilot.com/reviews/6597daf4e9292286fe48dfbc;2024-01-05T12:33:25.0000000Z;;;
Sito serio efficiente e con il prezzo migliore rispetto a tutti gli altri ( online e non) al momentoDel mio acquisto , perlomeno!;https://www.trustpilot.com/reviews/6597c5971272cd9e3ef0a851;2024-01-05T11:02:16.0000000Z;;;
Sito serio ed affidabile. Affiancamento eccellente al cliente che inizia non appena ricevono l‚Äôordine. Lo consiglio vivamente ad occhi chiusi!;https://www.trustpilot.com/reviews/65972b4a28e8458b69db7707;2024-01-05T00:03:55.0000000Z;;;
Descrizione e immagine dell'articolo esattamente confacente e precisa . L'e-commerce √® facile da usare e intuitivo . Imballaggio perfetto. L'articolo √® arrivato prima dei tempo programmato. Che dire ... Grazie;https://www.trustpilot.com/reviews/6596fb95767530f9e281a0e9;2024-01-04T20:40:21.0000000Z;;;
Ho preso una borsa da questo sito, ordinata il pomeriggio e la mattina seguente ho ricevuto il pacco. Gentile ed affidabile il negoziante;https://www.trustpilot.com/reviews/6596ae8caa0228d02effe26c;2024-01-04T15:11:40.0000000Z;;;
Ho trovato la borsa che cercavo ad un prezzo competitivo e con la possibilit√† di pagarla comodamente in 3 rate, fare l'ordine √® stato facile e la consegna , nonostante il periodo delle feste natalizie , √® stata puntuale come  scritto sul sito ...grazie di cuore;https://www.trustpilot.com/reviews/65966744cfe768a07443f1b4;2024-01-04T10:07:33.0000000Z;;;
Fantastica, prodotti ottimi 100% originali e sopratutto soddisfano ogni necessit√†. Imballati con molta, molta cura! Tempi di consegna velocissimi.;https://www.trustpilot.com/reviews/6595c113d4714de6fd310d30;2024-01-03T22:18:28.0000000Z;;;
Esperienza super positiva, prodotto perfetto, assistenza presente e puntuale durante e dopo l'acquisto e prodotto ottimo!;https://www.trustpilot.com/reviews/65958579851792b786431ad7;2024-01-03T18:04:10.0000000Z;;;
Quando hai a che fare con professionisti!Prodotto griffato ed originale ad un prezzo assolutamente competitivo, il servizio assistenza efficientissimo spedizione velocissima!Per me il Top!!!Bravi continuate cos√¨!;https://www.trustpilot.com/reviews/659553073d19517f320e1fd6;2024-01-03T14:28:56.0000000Z;;;
L'ordine √® arrivato puntualissimo, sono stata aggiornata sempre su whatsapp...molto gentili. Le scarpe di ottima qualit√†....a presto e grazie üíû;https://www.trustpilot.com/reviews/6593d727833ed5ed988059ba;2024-01-02T11:28:08.0000000Z;;;
Tutto √® andato perfettamente: prodotto perfetto, imballaggio perfetto, recapito nei tempi perfetti e gi√† solo per questo, consigliatissimo, ma la cosa che pi√π mi ha sorpresa √® il fatto che Kim riesca ad umanizzare un servizio online, che   per sua natura dovrebbe essere impersonale, con tanta gentilezza, simpatia e attenzione per il cliente. Davvero una marcia in pi√π, complimenti!;https://www.trustpilot.com/reviews/65933720e18d0a756d009f37;2024-01-02T00:05:21.0000000Z;;;
Servizio super efficiente. Ti comunicato ogni step dell‚Äôordine via whatsapp. Pacco arrivato in 2 giorni. Ho acquistato degli stivali, perfetti!;https://www.trustpilot.com/reviews/6592fc89516a0e795dfff404;2024-01-01T19:55:22.0000000Z;;;
Servizio clienti ottimo e spedizione velocissima. Anche il prezzo della borsa che ho acquistato, arrivata in perfette condizioni, era molto competitivo. Consiglio assolutamente.;https://www.trustpilot.com/reviews/65927ca638d43ba52a97818f;2024-01-01T10:49:42.0000000Z;;;
Ho comprato dei mocassini Ash donna in camoscio. Calzata perfetta, comodit√† ed eleganza. Nel negozio Kim di Terrasini il prezzo √® il pi√π basso del web. E questo non √® poco considerato il costo abbastanza alto. Invio immediato. Massima gentilezza e professionalit√† del personale di Kim accessori e ottima comunicazione on line. Negozio e prodotto consigliato.;https://www.trustpilot.com/reviews/659150d15d5269681b966670;2023-12-31T13:30:25.0000000Z;;;
Ho comprato delle scarpe con un buon rapporto qualit√†/prezzo.Ottimo rapporto con il cliente ,sempre disponibili e rapidi nel rispondere a eventuali domandeConsigliato!;https://www.trustpilot.com/reviews/65906a1f07f852b07cac2e60;2023-12-30T21:06:08.0000000Z;;;
Il mio primo acquisto su kim. Tutto perfetto, dal ordine alla puntualit√†.  Hanno soddisfatto le mie esigenze.  Il prodotto che cercavo. Far√≤ sicuramente altri acquisti.;https://www.trustpilot.com/reviews/65905522b74c4bdbdd7cdb92;2023-12-30T19:36:35.0000000Z;;;
ho preso una borsa di versace, la spedizione molto ben organizzata e il prodotto ricevuto uguale identico alla foto mostrata sul sito, 5 stelle;https://www.trustpilot.com/reviews/65904ce485aa449052062061;2023-12-30T19:01:25.0000000Z;;;
Ho comprato un giubbotto della blauer, originale 1000 x 1000, veste alla perfezione, ottima qualit√† e spedizione e imballaggio da 5 stelle, completo di stampelle e busta copri abito sempre blauer, ritorno a comprare da voi.;https://www.trustpilot.com/reviews/659044b64def45fdee330d28;2023-12-30T18:26:31.0000000Z;;;
Sicuramente affidabile. Ordine (scarpe dr Martens) arrivato prima dei tempi previsti e senza alcun difetto. Complimenti per la seriet√† e professionalit√†.;https://www.trustpilot.com/reviews/6590435155cc546b2fa9d5aa;2023-12-30T18:20:33.0000000Z;;;
Ottima esperienza, vasta scelta di articoli a prezzi veramente interessanti, spedizione super veloce! Venditore serio affidabile ottima comunicazione su WhatsApp! Super consigliato davvero! Da buona siciliana torner√≤ ad acquistare da voi! Grazie mille e tanti cari auguri di buon anno!Lucia;https://www.trustpilot.com/reviews/65902afd4e55b07bda0f8180;2023-12-30T16:36:45.0000000Z;;;
Professionalit√†, gentilezza e attenzione alle esigenze del cliente. Consegna velocissima. Prodotto perfettamente rispondente alle aspettative. Consigliatissimo;https://www.trustpilot.com/reviews/658fe581042f44c8fcce9645;2023-12-30T11:40:18.0000000Z;;;
Buongiorno scarpe perfette bellissime veramente un buon prodotto le ho messe gi√† una decina di volte neanche una piegatura grazie;https://www.trustpilot.com/reviews/658f0d9d82c73a2efdfc0381;2023-12-29T20:19:10.0000000Z;;;
Sito perfetto, assistenza su wathsapp veloce e disponibile. Prodotto eccellente. Spedizione in 2/3 giorni a casa. Lo consiglio;https://www.trustpilot.com/reviews/658f023fca7580deb8bc2779;2023-12-29T19:30:40.0000000Z;;;
Acquistato in questo sito per la prima volta un articolo con una promo molto interessante...spedizione velocissima e imballo molto curato... Insomma una bella scoperta...;https://www.trustpilot.com/reviews/658ebf378bb0cb5465b2c081;2023-12-29T14:44:40.0000000Z;;;
Persone molto competenti e con tempistiche di arrivo addirittura anticipate. Consiglio vivamente kimaccessori.it. BRAVI RAGAZZI!!!;https://www.trustpilot.com/reviews/658ea3e35e00362706b9a2f7;2023-12-29T12:48:03.0000000Z;;;
Bellissimi anfibi Dr Martens, come da descrizione  sito, perfetti.Venditore super corretto e affidabile, buona esperienza. Bravi continuate cos√¨. SalutiLaura;https://www.trustpilot.com/reviews/658e8c6bdbf15ba45694c7f0;2023-12-29T11:07:55.0000000Z;;;
Ho acquistato le Dr.Martens da regalare a mia figlia.Soddisfattissima.Stivale perfetto,come da foto e descrizione.  Bell'imballaggio.Arrivato puntuale.Contatto whatsapp che mi ha accompagnato fin da subito.Grazie.;https://www.trustpilot.com/reviews/658dc290dff49b30b8a13117;2023-12-28T20:46:41.0000000Z;;;
Sono rimasto sorpreso dalla qualit√† di questo negozio e sito dove ogni giorno articoli di moda come abbigliamento come calzature vengono aggiornati , nella mia ricerca in particolare ho ordinato dei polacchi de marten‚Äô s , Che oltre al prezzo favorevole mi ha sospreso la velocit√† della spedizione , l‚Äô aggiornamento nonch√© leNotifiche precise dell‚Äô avanzamento del tracking , consiglio fortemente di esplorare e ordinare presso questa realt√† di negozio e shopping online;https://www.trustpilot.com/reviews/658dbe4b7908e6617ebc4173;2023-12-28T20:28:27.0000000Z;;;
Comprato degli stivaletti della Guess, arrivati nel tempo previsto e sono bellissimi. Mi sono trovata molto bene con la Kimaccessori. Azienda che lavora con professionalit√†,  lo rifarei in futuro.;https://www.trustpilot.com/reviews/658db09cfb21761e303a2be7;2023-12-28T19:30:05.0000000Z;;;
Ho avuto il piacere di acquistare 2 paia di scarpe ho subito riscontrato cordialit√† e gentilezza dallo staff arrivate prima del previsto e la qualit√† ottima ...lo consiglio a tutti....;https://www.trustpilot.com/reviews/658dacf8702894f3e1b3f7fa;2023-12-28T19:14:32.0000000Z;;;
Tutto perfetto prezzi convenienti materiale di prima scelta e originali, personale gentile e disponibili,veloci nella spedizione.;https://www.trustpilot.com/reviews/658d9da4d7951d0de748a232;2023-12-28T18:09:08.0000000Z;;;
√à stata la mia prima esperienza d'acquisto con questo negozio e devo dire che √® stata una buona esperienza...ho acquistato un paio di scarpe..bellissime..spedizione rapida,servizio clienti molto disponibile. Sicuramente ricomprer√≤ da loro.;https://www.trustpilot.com/reviews/658d9d826649ed2fce4f2a0d;2023-12-28T18:08:35.0000000Z;;;
Ho preso un paio di DttMartens..sono bellissime, e il team del personale..√© gentilissimo e disponibile..ricomprer√≤ sicuramente da loro, anche perch√© si pu√≤ pagare in comodissime rate con Scalapay.;https://www.trustpilot.com/reviews/658d98b46fc077d60cb889c9;2023-12-28T17:48:05.0000000Z;;;
Una esperienza molto positiva, azienda seria e affidabile, qualit√† e professionalit√†, assistenza che risponde sempre, spedizione molto veloce,  grazie mille, siete migliori!;https://www.trustpilot.com/reviews/658d78ffcac0de493bf4d186;2023-12-28T15:32:48.0000000Z;;;
Era la prima volta che acquistavo da loro ed ero molto titubante ma mi sbagliavo di grosso,servizio clienti ottimo,pacco arrivato nei tempi previsti e soprattutto con un imballaggio al top,borsa originale e come da descrizione. Acquister√≤ ancora da loro.;https://www.trustpilot.com/reviews/658d7371abcb7de7ddf10a5c;2023-12-28T15:09:06.0000000Z;;;
Ho acquistato dei dottor Martins sono rimasta molto soddisfatta per l originalit√† del prodotto, per l 'efficienza e la velocit√† della spedizione e la gentilezza di Kinaccessori ....;https://www.trustpilot.com/reviews/658d70ff5232685b63dc4a44;2023-12-28T14:58:40.0000000Z;;;
Assistenza perfetta al cliente,attenti e molto cordiali,prodotto originale e bello, sicuramente ricomprer√≤ su questo sito;https://www.trustpilot.com/reviews/658d62be0df816e9c8fe9042;2023-12-28T13:57:51.0000000Z;;;
Esperienza eccellente con Kimaccessori, non conoscevo questo sito, ed ora posso vivamente consigliarlo a tutti!!! Ho acquistato un giubbotto bellissimo, scontato, √® arrivato in tempi perfetti! I miei acquisti futuri saranno sicuramente con loro!;https://www.trustpilot.com/reviews/658d5ae7af3efb5fe8a0dfde;2023-12-28T13:24:24.0000000Z;;;
Ordine e tempistica perfetti!... prezzo competitivo e articolo assolutamente originale... nulla da eccepire...  pienamente soddisfatta!;https://www.trustpilot.com/reviews/658d469c90046a7ac0918744;2023-12-28T11:57:48.0000000Z;;;
Ho ordinato una borsa, arrivata puntual ,perfetta, bellissima, seguendo anche la mia spedizione, tutto in modo corretto e ordinato. Complimenti.;https://www.trustpilot.com/reviews/658d44b9cddbb98e461bed60;2023-12-28T11:49:46.0000000Z;;;
Ho acquistato un paio di scarpe Blauer e la cosa pi√π importante √® che ho trovato un prezzo molto pi√π conveniente rispetto ad altri venditori. Inoltre sono rimasto contento anche per la velocit√† della spedizione. Sono molto contento dell'acquisto realizzato.;https://www.trustpilot.com/reviews/658c8e14cf9d9e9dad55d8ab;2023-12-27T22:50:28.0000000Z;;;
Scarpe davvero bellissime, le Dr Martens sono uniche, compro solo loro xch√® oltre ad esser belle sono fatte davvero beneQuesto modello mi mancava, ha la pelle diversa dalle solite, bellissima;https://www.trustpilot.com/reviews/658c7c06ab37b5e551dcc6c2;2023-12-27T21:33:26.0000000Z;;;
Shop serio ed affidabile. Le scarpe acquistate sono arrivate a casa velocemente e ben imballate. Lo valuter√≤ anche per acquisti futuri.;https://www.trustpilot.com/reviews/658c7a5f30b055f7d9ff7140;2023-12-27T21:26:24.0000000Z;;;
Ordine arrivato il giorno dopo , perfettamente incartato e scarpe con etichetta scatola e incartate benissimo , consigliato , prezzo competitivo rispetto ad altri siti;https://www.trustpilot.com/reviews/658c6c0fe034a8cb4595a536;2023-12-27T20:25:20.0000000Z;;;
Per la prima volta ho acquistato su questo sito... sono cortesi e disponibili,il prodotto acquistato era ottimo l' imballaggio perfetto e spedizione super veloce... consigliatissimo;https://www.trustpilot.com/reviews/658bf43651fec5ae814f451a;2023-12-27T11:53:58.0000000Z;;;
Ho acquistato per la prima volta su questo sito mi sono trovata molto bene ,disponibili , tramite whatsapp ho chiesto delle info sul prodotto mi hanno aggiornato sulla consegna ..√à  andata tutto molto bene Acquister√≤ sicuramente dinuovo in futuro...consigliatissimo;https://www.trustpilot.com/reviews/658bf24b8931ed6654a82fe4;2023-12-27T11:45:48.0000000Z;;;
La consegna √® stata rapida. Il pacco √® arrivato in ottime condizioni. Il personale √® stato gentile, mi ha aggiornato per tutta la spedizione su whatsApp.;https://www.trustpilot.com/reviews/658b493228521e75666527ec;2023-12-26T23:44:18.0000000Z;;;
Professionalit√†,correttezza,disponibilit√†.Esperienza a dir poco positiva‚Ä¶Spedizione arrivata in 2gg, prodotto imballato perfettamente con tutte le protezioni originali della borsa‚Ä¶Grazie‚Ä¶.Consigliato..;https://www.trustpilot.com/reviews/65897d8b1454b1f72deb3f35;2023-12-25T15:03:08.0000000Z;;;
Ho acquistato un paio di mocassini Cult. Ordine velocissimo! Prodotto conforme alle foto e alla descrizione. Staff eccellente, cortese e assistenza fantastica! Prezzi inferiori alla media, articoli bellissimi! Imballaggio curato e impeccabile. Meriterebbero 1000 stelle! Negozio consigliatissimo! Acquister√≤ senz'altro nuovamente da loro!;https://www.trustpilot.com/reviews/6588726d601e8cb8b7cc32f7;2023-12-24T20:03:26.0000000Z;;;
Azienda molto seria,assistenza clienti valida,spedizione velocissima,scarpe arrivate perfette...in Sardegna in tempo per Natale.grazie mille alla prossima!;https://www.trustpilot.com/reviews/65877d00062d4fefa668dafe;2023-12-24T02:36:16.0000000Z;;;
Molto soddisfatta dell acquisto fatto da Kim.Personale gentile e molto disponibile!Articolo arrivato nei tempi previsti...Consiglio di acquistare da kim sia per i prodotti di qualit√† e anche per i prezzi molto convenienti.;https://www.trustpilot.com/reviews/658701d82bfa9b3dd9c5e534;2023-12-23T17:50:48.0000000Z;;;
Consiglio davvero di acquistare presso il negozio Kim accessori. √à la terza volta che acquisto e sono super veloci, affidabili e disponibili. Comprer√≤ ancora!;https://www.trustpilot.com/reviews/658687d4056ef2f391670679;2023-12-23T09:10:13.0000000Z;;;
Siete stati fantastici e grandiosi perch√© ho ricevuto il mio ordine in 24 ore!!! E per lo pi√π considerando le feste di fine anno e giorni festivi siete stati rapidissimi!!! GrazieLo consiglio vivamente!;https://www.trustpilot.com/reviews/6585d05a264f3db5be536d8b;2023-12-22T20:07:23.0000000Z;;;
Comprato sul sito on line, dato che √® a ridosso di natale prima di acquistare  ho chiamato per vedere la tempistica, si sono messi a disposizione e subito hanno spedito. Tutto ottimo üîùüîù;https://www.trustpilot.com/reviews/6584b29633f5542ef5238161;2023-12-21T23:48:07.0000000Z;;;
√à stata la prima volta che ho acquistato da Kim, senza dubbio un‚Äôesperienza soddisfacente, da ripetere al bisogno Ho acquistato un giubbotto ad un prezzo molto vantaggioso ed il pacco mi √® arrivato in poco tempoDavvero apprezzabile, oltre che utile, la possibilit√† di comunicare via WhatsApp con il venditore;https://www.trustpilot.com/reviews/658039a63dddd8dcba735133;2023-12-18T14:23:03.0000000Z;;;
√à la prima volta che acquisto su kimaccessori,ho preso degli anfibi, avevo solo paura che non arrivassero prima di natale visto il periodo ma mi avevano garantito l arrivo prima e cos√¨ √® stato, su whappats disponibili e gentilissimi‚ù§Ô∏è;https://www.trustpilot.com/reviews/657cc4cdbd300aea10711713;2023-12-15T23:27:42.0000000Z;;;
Lasciando stare il portafoglio che era perfetto, il personale era gentilissimo e i tempi di spedizione sono stati abbastanza veloci entro il tempo che mi avevano predisposto.;https://www.trustpilot.com/reviews/657b394e46e8caae0723d1da;2023-12-14T19:20:15.0000000Z;;;
Impeccabile.  A pensare che con la mancanza di fiducia che da Internet , ho pagato in contrassegno , ma non era il caso che bella gente  i Siciliani.  PS. uguale a noi napoletani. üòâ;https://www.trustpilot.com/reviews/657b2cd03fa4ad9b60b441c7;2023-12-14T18:26:57.0000000Z;;;
Ho acquistato  delle bellissime  scarpe, ma avevo sbagliato  il numero. In tranquillit√† ho fatto il reso e preso il numero  giusto. Personale molto gentile, puntuale e disponibile, sicuramente  acquister√≤  ancora, prezzi imbattibili;https://www.trustpilot.com/reviews/65793d0adc7b6eccc4a623aa;2023-12-13T07:11:39.0000000Z;;;
Mi √® appena arrivata una borsa ordinata da loro della collezione 'chiara Ferragni',loro sono super cordiali e la borsa meravigliosa üòçüòçgrazie ancora,alla prossima ‚ù§Ô∏è;https://www.trustpilot.com/reviews/657849532cdffc5fe1083db7;2023-12-12T13:51:48.0000000Z;;;
Prima di oggi non li conoscevo e quindi ero un po' titubante. Cercando su internet ho visto solo recensioni positive che mi hanno convinto a comprare e devo dire che ho fatto pi√π che bene! Disponibilissimi con prezzi ottimi. Da loro sono riuscito a trovare la borsa per la mia ragazza che in Liguria nelle varie boutique non si riusciva a trovare e neanche sul sito Pinko. Di sicuro far√≤ altri ordini.Complimenti siete il top!;https://www.trustpilot.com/reviews/657767627fae6d7c235ab928;2023-12-11T21:47:47.0000000Z;;;
Prodotti di ottima qualit√† ad un prezzo conpetitivo, vasta scelta, personale cordiale e gentile e consegna veloce. Consigliatissimo far√≤ sicuramente altri acquisti.;https://www.trustpilot.com/reviews/6574528006267a8c9096013e;2023-12-09T13:41:53.0000000Z;;;
Ottimo sito!! ho acquistato delle scarpe meravigliose, sono arrivate nei tempi giusti anzi pure in anticipo...Il proprietario √® il personale sono dotati di una eccezionale professionalit√†, a ogni mio dubbio e domanda mi hanno sempre risposto su WhatsApp con  la massima disponibilit√†... Grazie!!!;https://www.trustpilot.com/reviews/657430d39040d2a383f06942;2023-12-09T12:06:52.0000000Z;;;
Ringrazio Kim per la serieta'acquistato stivale Mou arrivati in breve tempo, personale cordiale e serio prezzi ottimi e bellissimi prodotti originali grszie mille ve lo stra consiglio!;https://www.trustpilot.com/reviews/6573616cb964bc22984dfdda;2023-12-08T20:33:16.0000000Z;;;
Borse originali a met√†  prezzo del negozio, e anche da altri siti. Molto organizzati eccezionali .In poco tempo √®  arrivato tutto.;https://www.trustpilot.com/reviews/6571cedab2dca098b7c661cb;2023-12-07T15:55:39.0000000Z;;;
Professionalmente impeccabili riservano ai propri clienti un trattamento pregevole corretti in tutto disponibili all'inverosimile ho effettuato un reso e mi hanno seguito passo passo veramente un 10 e lode complimenti...;https://www.trustpilot.com/reviews/6571af21a659eaffc048bd57;2023-12-07T13:40:18.0000000Z;;;
ho ordinato un paio di scarpe nel loro sito, direi impeccabili su tutto .precisi e puntuali, le scarpe ovviamente sono arrivate in perfette condizioni e imballate davvero bene .ottimo! sia il sito che il negozio fisico.;https://www.trustpilot.com/reviews/6570c57fb9c51b19d145a4fe;2023-12-06T21:03:27.0000000Z;;;
Il servizio √® stato impeccabile. La merce √® arrivata in tempi brevissimi e tutto rispondeva a quanto ordinato. Veramente bravissimi;https://www.trustpilot.com/reviews/656f5304e02f9f8d55a3a80a;2023-12-05T18:42:44.0000000Z;;;
Sito eccezionale, affidabile e con prezzi veramente competitivi, per non parlare della gentilezza di chi ti risponde quando li contatti, cercando di andare incontro ad ogni tipo di esigenza. Felicissimi di avervi scelto üòä;https://www.trustpilot.com/reviews/656df0cf945fc6ed7ba76530;2023-12-04T17:31:27.0000000Z;;;
Quando si acquista su internet si ha sempre qualche dubbio fino all'arrivo del tuo ordine... bene la consegna!!! (prima del previsto. E ottimo prodotto (scarpe philippe model)!!! Soddisfatto al 100%;https://www.trustpilot.com/reviews/656b1d2fb8335406c103a1d7;2023-12-02T14:03:59.0000000Z;;;
Spedizione super veloce....stivali mou al top.....consigliatisssssssimoooooo.....sicuro.......veloce.....prima volta....ma sar√≤ una vostra cliente assiduaa....;https://www.trustpilot.com/reviews/656b0c85b18e9f60130e656f;2023-12-02T12:52:54.0000000Z;;;
Super positiva, sono contento del mio acquisto.Sono arrivata in tempo record, mi hanno persino risposto subito ai messaggi whatsapp;https://www.trustpilot.com/reviews/656a044eec8324e6768591c1;2023-12-01T18:05:34.0000000Z;;;
Ho avuto un problema nella consegna e sono stata tempestivamente rassicurata!!Efficienti e disponibili, a consegna avvenuta i pacchi erano perfetti e incartati con cura.Consiglio vivamente di acquistare da loro, ottimi prezzi e scelta di marche prestigiose!!A presto ripeter√≤ un nuovo acquistoüòç;https://www.trustpilot.com/reviews/6569eee286ce0ccaf865655e;2023-12-01T16:34:10.0000000Z;;;
Scarpe bellissime ad un ottimo prezzo pienamente corrispondenti alla descrizione.. spedizione supersonica.. comodo il contrassegno e gentilissimi nella comunicazione;https://www.trustpilot.com/reviews/6569af375cd56234089d8b5a;2023-12-01T12:02:31.0000000Z;;;
Ho comprato dei Mou bellissimi al prezzo pi√π competitivo online ... Infatti acquister√≤ ancora da loro ... Si sono messi in contatto con me tramite whatsapp aggiornandomi sulla spedizione e messi a disposizione üí™;https://www.trustpilot.com/reviews/6568e47a10ff39682e0f1108;2023-11-30T21:37:30.0000000Z;;;
Non compro facilmente on line ma questa volta mi sentivo ispirata in positivo e devo dire che ho fatto benissimo. Servizio impeccabile, sono stata seguita dal primo contatto con gentilezza e soddisfazione in tutto ci√≤ che erano i miei dubbi. All'apertura del pacco (arrivato addirittura prima del previsto) non credevo ai miei occhi per l'ottimo prodotto. Prezzi convenienti e soprattutto pagamento in contrassegno che non √® da tutti , motivo per il quale molto spesso non acquisto.  Insomma, davvero il üîùConsigliatissimo. Grazie di cuore e al prossimo acquisto ü•∞;https://www.trustpilot.com/reviews/6568d53244dc9991ac4d4689;2023-11-30T20:32:18.0000000Z;;;
Ordine ricevuto in tempo perfettamente scatola sigillata sito molto molto affidabile e molto seri gentili e disponibili..sito CONSIGLIATISSIMO;https://www.trustpilot.com/reviews/6568d4aa4a7729c286b6026a;2023-11-30T20:30:02.0000000Z;;;
Servizio clienti davvero top, professionali e tempi di spedizione davvero ridotti. Primo ma sicuramente non ultimo acquisto ü§©;https://www.trustpilot.com/reviews/656898cdbf418746e46e39bd;2023-11-30T16:14:37.0000000Z;;;
Meno di 40 ore dalla data dell‚Äôordine alla ricezione del prodotto acquistato‚Ä¶ Gi√† questo dice molto. Attenzione nei confronti del cliente,ricevere subito e costantemente informazioni non √® da tutti.per ultimo ma non certo da trascurare l‚Äôaspetto economico ,nel mio caso un prezzo molto pi√π vantaggioso che da altre parti .pienamente soddisfatto . Avanti cos√¨.;https://www.trustpilot.com/reviews/65687d17360650bce4bfbcd4;2023-11-30T14:16:23.0000000Z;;;
Seriet√† e chiarezza sono qualit√† che apprezzo. Eccellente la conferma su WhatsApp per il pagamento. Rispondono rapidamente alle informazioni. Prodotti ottimi e prezzi competitivi. Gentilissimi.I tempi di consegna sono stati rapidi e imballaggio impeccabile.Sicuramente a questo seguiranno ulteriori acquisti in quanto ho molto apprezzato la professionalit√† del l'e-commerce e la qualit√† dei prodotti;https://www.trustpilot.com/reviews/6568419f8eb468bb58dabb96;2023-11-30T10:02:39.0000000Z;;;
Prodotto perfetto ed acquistato ad un prezzo competitivo. Consegna rapida. Tramite link inviato su wapp, ho potuto tracciare la spedizione agevolmente.;https://www.trustpilot.com/reviews/65678570ad3e0a1df4cb5313;2023-11-29T20:39:44.0000000Z;;;
Molto cortesi rispondono prontamente anche su WhatsApp spedizione veloce pacco perfettamente imballato e contenuto perfetto consiglio vivamente.;https://www.trustpilot.com/reviews/656780dceb5174492ba8d9fa;2023-11-29T20:20:12.0000000Z;;;
Ho acquistato un capo, e per avere pi√π informazioni ho contattato il numero nel sito, sono stati molto disponibili e gentili. Il pacco mi √® arrivato solo dopo 5 giorni, tutto perfetto!!!;https://www.trustpilot.com/reviews/65674b9e21f27a460fc4dab3;2023-11-29T16:33:02.0000000Z;;;
Ordine effettuato qualche giorno fa ed arrivato oggi. Scarpe belle come da descrizione e prezzo vantaggioso. Ottima esperienza da ripetere.;https://www.trustpilot.com/reviews/6566205792d11aad6f4486d3;2023-11-28T19:16:07.0000000Z;;;
Questo negozio e‚Äô stato una grande scoperta , ho comprato le mou che desideravo ad un prezzo super competitivo, spedizione veloce con invio del tracking appena affidano la spedizione al corriere.;https://www.trustpilot.com/reviews/6561b02e278dc767d29de21e;2023-11-25T10:28:30.0000000Z;;;
La borsa di Liu Jo di colore nero che ho ordinato √® arrivata in due giorni, ed √® bellissima proprio come immaginavo. L'azienda √® affidabile, seria e il personale gentilissimo. Consiglio questa azienda al 100%.;https://www.trustpilot.com/reviews/6561abfe8a61ad51e6bc5882;2023-11-25T10:10:38.0000000Z;;;
Scoperti per caso e sono rimasta contentissima del mio acquisto!!Appena il pacco viene spedito ti contattano con il tracking da seguire.Imballaggio perfetto e prezzi ottimi!! Super consigliati!!!!;https://www.trustpilot.com/reviews/6561006caf46dc4818612e15;2023-11-24T21:58:36.0000000Z;;;
Credo di poter affermare l'efficienza, la disponibilit√†, la velocit√†, la gantilezza e la volont√† di assecondare le mie esigenze.... , sono veramente felice di avervi conosciutoLa professionalit√† √® anche lavorare con rispetto Grazie!;https://www.trustpilot.com/reviews/6560d0a4b5f5d911bfe91af8;2023-11-24T18:34:44.0000000Z;;;
Sono arrivate in due giorni lavorativi.Confezione perfetta, scarpe perfette, tutto in regola, ringrazio Kim accessori per la seriet√† e professionalit√†, non posso aggiungere altro se non fare i complimenti, lo consiglio a tutti e spero di fare altri ordini con voi. Grazie!!!;https://www.trustpilot.com/reviews/6560ae260b4021adcc7a4c3c;2023-11-24T16:07:34.0000000Z;;;
Prezzi? Ottimi, non c'√® che direAssistenza? Non si pu√≤ chiedere di meglio, in quanto, ti contattano poco dopo aver acquistato, scrivendoti su WhatsApp e inviano il trackingPacco arrivato in 3 giorni e mezzo! La perfezione ha un nome...üòå Kimaccessori.it;https://www.trustpilot.com/reviews/65607e76c922d6680b303f23;2023-11-24T12:44:06.0000000Z;;;
Super!Ottimo rapporto qualit√† prezzo.Come sempre sono precisi e puntuali!! Ma la cosa pi√π importante √® l assistenza post acquisto. Consigliatissimo!!;https://www.trustpilot.com/reviews/655fb8eaa7c24c286167940a;2023-11-23T22:41:14.0000000Z;;;
Ottimi prodotti consegne veloci cortesia e spiegazioni utili e comprensive ottimo sito per comprare scarpe di gran livello;https://www.trustpilot.com/reviews/655f9e55e8aa1a5a5efe32a4;2023-11-23T20:47:49.0000000Z;;;
Ho acquistato un capo on Line, arrivato in due giorni, cordiali e disponibili. Acquister√≤ di nuovo da loro, lo consiglio!;https://www.trustpilot.com/reviews/655f0ece0578848ae032129d;2023-11-23T10:35:26.0000000Z;;;
Ottimo venditore, fatto l'ordine al pomeriggio e dopo poche ore era evaso e gi√† spedito al corriere. Consigliato, veloce, contatto immediato per la ricezione dell'ordine e della relativa spedizione. Prodotto conforme a quanto indicato dal sito.;https://www.trustpilot.com/reviews/655e2a096b3c8b00f25e95c0;2023-11-22T18:19:21.0000000Z;;;
Professionalit√†, assistenza continua su WhatsApp, qualit√† e prezzi, fanno si che la KIM di Terrasini (PA) rendono un servizio utilissimo e veloce.La cortesia non manca, come non mancano i mille articoli a disposizione sul sito. Insomma che dire conosciuti loro per un puro caso e provando la prima volta con l'acquisto di alcune scarpe, posso dire che nella marea di siti su internet, oggi non so farne almeno ed il mio primo clic si ferma su KIM.Continuate cos√¨ e sarete destinati ad una crescita esponenziale, cosa che vi auguro di cuore.In bocca al lupo.;https://www.trustpilot.com/reviews/655e0e0cbd74d19eb416517a;2023-11-22T19:03:17.0000000Z;;;
